{
    "FFMC": 88.50208282470703,
    "ISI": 5.821497917175296,
    "BUI": 73.21752777099611,
    "season": {
        "start_month": 5,
        "start_day": 1,
        "end_month": 8,
        "end_day": 31
    },
    "years": [
        2008,
        2009,
        2010,
        2011,
        2012,
        2013,
        2014,
        2015,
        2016,
        2018,
        2019
    ],
    "station_name": "TS ELPHINSTONE"
}