{
    "FFMC": 79.89079360961914,
    "ISI": 1.2900320529937743,
    "BUI": 18.866857528686523,
    "season": {
        "start_month": 5,
        "start_day": 1,
        "end_month": 8,
        "end_day": 31
    },
    "years": [
        2008
    ],
    "station_name": "ZZ SALTAIR GM"
}