{
    "FFMC": 94.03000259399414,
    "ISI": 18.606840133666992,
    "BUI": 23.97921295166016,
    "season": {
        "start_month": 5,
        "start_day": 1,
        "end_month": 8,
        "end_day": 31
    },
    "years": [
        2008
    ],
    "station_name": "ZZ HIGHLAND POST"
}