{
    "FFMC": 93.15247497558595,
    "ISI": 13.637145233154296,
    "BUI": 88.24532775878906,
    "season": {
        "start_month": 5,
        "start_day": 1,
        "end_month": 8,
        "end_day": 31
    },
    "years": [
        2008
    ],
    "station_name": "ZZ RED ROCK"
}