{
    "FFMC": 93.3310333251953,
    "ISI": 16.255374526977537,
    "BUI": 94.60772018432618,
    "season": {
        "start_month": 5,
        "start_day": 1,
        "end_month": 8,
        "end_day": 31
    },
    "years": [
        2008
    ],
    "station_name": "ZZ SIWASH"
}