{
    "FFMC": 92.629638671875,
    "ISI": 12.15927267074585,
    "BUI": 99.08105850219727,
    "season": {
        "start_month": 5,
        "start_day": 1,
        "end_month": 8,
        "end_day": 31
    },
    "years": [
        2008
    ],
    "station_name": "ZZ KODIAK"
}