{
    "FFMC": 93.24101104736329,
    "ISI": 10.087177085876466,
    "BUI": 86.2661636352539,
    "season": {
        "start_month": 5,
        "start_day": 1,
        "end_month": 8,
        "end_day": 31
    },
    "years": [
        2008
    ],
    "station_name": "ZZ REARGUARD"
}