{
    "FFMC": 92.90629043579102,
    "ISI": 11.309710407257079,
    "BUI": 112.70054702758787,
    "season": {
        "start_month": 5,
        "start_day": 1,
        "end_month": 8,
        "end_day": 31
    },
    "years": [
        2008,
        2009,
        2010,
        2011,
        2012,
        2013,
        2014,
        2015,
        2016,
        2017,
        2018,
        2019
    ],
    "station_name": "SKOONKA"
}