{
    "ffmc": 90.55249786376952,
    "isi": 6.625284099578858,
    "bui": 103.34060668945314,
    "season": {
        "start_month": 5,
        "start_day": 1,
        "end_month": 8,
        "end_day": 31
    },
    "years": [
        2008,
        2009,
        2010,
        2011,
        2012,
        2013,
        2014,
        2015,
        2016,
        2017,
        2018,
        2019
    ],
    "station": {
        "code": "1025",
        "name": "TS THEODOSIA"
    }
}