{
    "FFMC": 91.55973052978516,
    "ISI": 7.928329086303711,
    "BUI": 78.6604019165039,
    "season": {
        "start_month": 5,
        "start_day": 1,
        "end_month": 8,
        "end_day": 31
    },
    "years": [
        2008,
        2009
    ],
    "station_name": "ZZ DANIELS PASS"
}