{
    "FFMC": 91.00960006713869,
    "ISI": 8.706668853759766,
    "BUI": 61.440850830078126,
    "season": {
        "start_month": 5,
        "start_day": 1,
        "end_month": 8,
        "end_day": 31
    },
    "years": [
        2008
    ],
    "station_name": "ZZ GWILLIM"
}