{
    "FFMC": 89.7119026184082,
    "ISI": 5.244771718978882,
    "BUI": 42.294010162353516,
    "season": {
        "start_month": 5,
        "start_day": 1,
        "end_month": 8,
        "end_day": 31
    },
    "years": [
        2009
    ],
    "station_name": "ZZ FOUR BROTHERS"
}