{
    "FFMC": 89.30000305175781,
    "ISI": 5.599999904632568,
    "BUI": 71.5999984741211,
    "season": {
        "start_month": 5,
        "start_day": 1,
        "end_month": 8,
        "end_day": 31
    },
    "years": [
        1970,
        1971,
        1972,
        1973,
        1974,
        1975,
        1976,
        1977,
        1978,
        1979,
        1980,
        1981,
        1982,
        1983,
        1985,
        1986,
        1987,
        1988,
        1989,
        1990,
        1991,
        1992,
        1993,
        1994,
        1995,
        1996,
        1997,
        1998
    ],
    "station_name": "ZZ KEMANO"
}