{
    "FFMC": 91.31558227539064,
    "ISI": 8.13113822937012,
    "BUI": 106.98689880371094,
    "season": {
        "start_month": 5,
        "start_day": 1,
        "end_month": 8,
        "end_day": 31
    },
    "years": [
        2009
    ],
    "station_name": "ZZ SMITH RIVER"
}