{
    "FFMC": 92.4,
    "ISI": 14.531943130493165,
    "BUI": 106.54127197265625,
    "season": {
        "start_month": 5,
        "start_day": 1,
        "end_month": 8,
        "end_day": 31
    },
    "years": [
        2009,
        2010,
        2011,
        2012,
        2013,
        2014,
        2015,
        2016,
        2017,
        2018,
        2019
    ],
    "station": {
        "code": "1045",
        "name": "OSBORN"
    }
}