{
    "FFMC": 94.78414154052734,
    "ISI": 16.692526245117183,
    "BUI": 152.01177062988282,
    "season": {
        "start_month": 5,
        "start_day": 1,
        "end_month": 8,
        "end_day": 31
    },
    "years": [
        2009
    ],
    "station_name": "ZZ NOTCH QD"
}