{
    "FFMC": 94.7948959350586,
    "ISI": 16.7410120010376,
    "BUI": 223.55575103759764,
    "season": {
        "start_month": 5,
        "start_day": 1,
        "end_month": 8,
        "end_day": 31
    },
    "years": [
        2010,
        2011,
        2012,
        2013,
        2014,
        2015,
        2016,
        2017,
        2018,
        2019
    ],
    "station_name": "SPLINTLUM"
}