{
    "FFMC": 89.82987976074219,
    "ISI": 5.59512825012207,
    "BUI": 91.15953521728517,
    "season": {
        "start_month": 5,
        "start_day": 1,
        "end_month": 8,
        "end_day": 31
    },
    "years": [
        2010,
        2011,
        2012,
        2013,
        2014,
        2015,
        2016,
        2017,
        2018
    ],
    "station": {
        "code": "1066",
        "name": "TS MCNABB"
    }
}