{
    "FFMC": 93.70085754394532,
    "ISI": 13.623828887939453,
    "BUI": 145.2156982421875,
    "season": {
        "start_month": 5,
        "start_day": 1,
        "end_month": 8,
        "end_day": 31
    },
    "years": [
        2010
    ],
    "station_name": "ZZ CRESCENT LAKE"
}