{
    "FFMC": 95.1922119140625,
    "ISI": 46.74715423583985,
    "BUI": 253.95553894042968,
    "season": {
        "start_month": 5,
        "start_day": 1,
        "end_month": 8,
        "end_day": 31
    },
    "years": [
        2010
    ],
    "station_name": "ZZ TWEDDLE CREEK QD"
}