{
    "FFMC": 94.59400329589845,
    "ISI": 12.837848281860353,
    "BUI": 82.84923400878908,
    "season": {
        "start_month": 5,
        "start_day": 1,
        "end_month": 8,
        "end_day": 31
    },
    "years": [
        2011,
        2012,
        2013,
        2014,
        2015,
        2016,
        2017,
        2018,
        2019
    ],
    "station_name": "BLUE RIVER 2"
}