{
    "FFMC": 92.46894073486328,
    "ISI": 14.072461128234862,
    "BUI": 117.23739471435549,
    "season": {
        "start_month": 5,
        "start_day": 1,
        "end_month": 8,
        "end_day": 31
    },
    "years": [
        2013
    ],
    "station_name": "ZZ BINTA PB QD"
}