{
    "FFMC": 93.8572769165039,
    "ISI": 17.082752990722657,
    "BUI": 65.55744934082031,
    "season": {
        "start_month": 5,
        "start_day": 1,
        "end_month": 8,
        "end_day": 31
    },
    "years": [
        2012
    ],
    "station_name": "ZZ WHITE TAIL LAKE QD"
}