{
    "FFMC": 95.53774032592773,
    "ISI": 19.88590965270996,
    "BUI": 161.10694274902343,
    "season": {
        "start_month": 5,
        "start_day": 1,
        "end_month": 8,
        "end_day": 31
    },
    "years": [
        2012
    ],
    "station_name": "ZZ CLIFTON"
}