{
    "FFMC": 89.71392135620117,
    "ISI": 6.343282890319824,
    "BUI": 87.53824920654297,
    "season": {
        "start_month": 5,
        "start_day": 1,
        "end_month": 8,
        "end_day": 31
    },
    "years": [
        2012,
        2013
    ],
    "station_name": "ZZ SKOOKUM CREEK"
}