{
    "FFMC": 91.5,
    "ISI": 9.140000152587888,
    "BUI": 76.4000015258789,
    "season": {
        "start_month": 5,
        "start_day": 1,
        "end_month": 8,
        "end_day": 31
    },
    "years": [
        1981,
        1982,
        1983,
        1984,
        1985
    ],
    "station_name": "ZZ MILLIGAN CR."
}