{
    "FFMC": 87.73637390136719,
    "ISI": 4.364586353302005,
    "BUI": 119.12128295898438,
    "season": {
        "start_month": 5,
        "start_day": 1,
        "end_month": 8,
        "end_day": 31
    },
    "years": [
        2013
    ],
    "station_name": "ZZ BLUE JAY LAKE QD"
}