{
    "FFMC": 93.99444580078124,
    "ISI": 12.218573951721194,
    "BUI": 126.4025390625,
    "season": {
        "start_month": 5,
        "start_day": 1,
        "end_month": 8,
        "end_day": 31
    },
    "years": [
        2014
    ],
    "station_name": "ZZ CENTER MOUNTAIN TEMP"
}