{
    "FFMC": 84.76000061035157,
    "ISI": 3.1599999904632567,
    "BUI": 34.05999908447265,
    "season": {
        "start_month": 5,
        "start_day": 1,
        "end_month": 8,
        "end_day": 31
    },
    "years": [
        1988,
        1989,
        1990
    ],
    "station_name": "ZZ LOSS CREEK"
}