{
    "FFMC": 96.15821380615235,
    "ISI": 16.819559001922606,
    "BUI": 92.44718933105469,
    "season": {
        "start_month": 5,
        "start_day": 1,
        "end_month": 8,
        "end_day": 31
    },
    "years": [
        2015
    ],
    "station_name": "ZZ 12 MILE QD"
}