{
    "FFMC": 92.93094635009766,
    "ISI": 10.24288330078125,
    "BUI": 48.146244049072266,
    "season": {
        "start_month": 5,
        "start_day": 1,
        "end_month": 8,
        "end_day": 31
    },
    "years": [
        2015
    ],
    "station_name": "ZZ SATHER QD"
}