{
    "FFMC": 94.60387420654297,
    "ISI": 13.022590923309327,
    "BUI": 111.11983108520508,
    "season": {
        "start_month": 5,
        "start_day": 1,
        "end_month": 8,
        "end_day": 31
    },
    "years": [
        2015
    ],
    "station_name": "ZZ HUPEL TS"
}