{
    "FFMC": 94.24348449707031,
    "ISI": 13.461667442321778,
    "BUI": 161.7893493652344,
    "season": {
        "start_month": 5,
        "start_day": 1,
        "end_month": 8,
        "end_day": 31
    },
    "years": [
        2015
    ],
    "station_name": "ZZ N70261QD"
}