{
    "FFMC": 89.9000015258789,
    "ISI": 6.990000009536741,
    "BUI": 75.5599983215332,
    "season": {
        "start_month": 5,
        "start_day": 1,
        "end_month": 8,
        "end_day": 31
    },
    "years": [
        1977,
        1978,
        1991,
        1992,
        1993,
        1994
    ],
    "station_name": "ZZ HALFWAY DIRTY"
}