{
    "FFMC": 90.9000015258789,
    "ISI": 10.0,
    "BUI": 128.10000228881836,
    "season": {
        "start_month": 5,
        "start_day": 1,
        "end_month": 8,
        "end_day": 31
    },
    "years": [
        1981,
        1982,
        1985,
        1988
    ],
    "station_name": "ZZ GAYLORD CR"
}