{
    "FFMC": 91.78707427978516,
    "ISI": 7.239198207855224,
    "BUI": 119.73470458984376,
    "season": {
        "start_month": 5,
        "start_day": 1,
        "end_month": 8,
        "end_day": 31
    },
    "years": [
        2016,
        2017,
        2018,
        2019
    ],
    "station": {
        "code": "1251",
        "name": "NARROWS INLET"
    }
}