{
    "FFMC": 93.60474853515625,
    "ISI": 12.355163955688477,
    "BUI": 112.53343811035157,
    "season": {
        "start_month": 5,
        "start_day": 1,
        "end_month": 8,
        "end_day": 31
    },
    "years": [
        2017,
        2018,
        2019
    ],
    "station_name": "UPPER BEAVER"
}