{
    "FFMC": 91.8395980834961,
    "ISI": 10.235419750213623,
    "BUI": 45.60042724609375,
    "season": {
        "start_month": 5,
        "start_day": 1,
        "end_month": 8,
        "end_day": 31
    },
    "years": [
        2016
    ],
    "station_name": "ZZ GOAT CREEK TS"
}