{
    "FFMC": 94.91934204101562,
    "ISI": 14.938431739807127,
    "BUI": 316.58978271484375,
    "season": {
        "start_month": 5,
        "start_day": 1,
        "end_month": 8,
        "end_day": 31
    },
    "years": [
        2017,
        2018,
        2019
    ],
    "station": {
        "code": "1277",
        "name": "WEST KELOWNA"
    }
}