{
    "FFMC": 87.0,
    "ISI": 4.800000190734863,
    "BUI": 40.70000076293945,
    "season": {
        "start_month": 5,
        "start_day": 1,
        "end_month": 8,
        "end_day": 31
    },
    "years": [
        1983,
        1984,
        1985
    ],
    "station_name": "ZZ TRUTCH"
}