{
    "FFMC": 92.0,
    "ISI": 11.994738388061522,
    "BUI": 152.63363342285157,
    "season": {
        "start_month": 5,
        "start_day": 1,
        "end_month": 8,
        "end_day": 31
    },
    "years": [
        2017
    ],
    "station_name": "ZZ FISHPOT QD"
}