{
    "FFMC": 90.9000015258789,
    "ISI": 7.4400000572204625,
    "BUI": 58.95999984741212,
    "season": {
        "start_month": 5,
        "start_day": 1,
        "end_month": 8,
        "end_day": 31
    },
    "years": [
        1986,
        1987,
        1988
    ],
    "station_name": "ZZ BUCKING HORSE"
}