{
    "FFMC": 88.0,
    "ISI": 4.719999837875365,
    "BUI": 60.76000061035156,
    "season": {
        "start_month": 5,
        "start_day": 1,
        "end_month": 8,
        "end_day": 31
    },
    "years": [
        1987,
        1988,
        1989
    ],
    "station_name": "ZZ DOIG"
}