{
    "FFMC": 89.68999710083008,
    "ISI": 8.300000190734862,
    "BUI": 61.179999160766606,
    "season": {
        "start_month": 5,
        "start_day": 1,
        "end_month": 8,
        "end_day": 31
    },
    "years": [
        1988
    ],
    "station_name": "ZZ CHRISTINA"
}