{
    "FFMC": 90.6999969482422,
    "ISI": 5.800000190734862,
    "BUI": 81.53999938964843,
    "season": {
        "start_month": 5,
        "start_day": 1,
        "end_month": 8,
        "end_day": 31
    },
    "years": [
        1988,
        1990,
        1991,
        1992,
        1993,
        1994,
        1995,
        1996,
        1997
    ],
    "station_name": "ZZ SUKUNKA"
}