{
    "FFMC": 89.9000015258789,
    "ISI": 8.45999984741211,
    "BUI": 73.67999877929691,
    "season": {
        "start_month": 5,
        "start_day": 1,
        "end_month": 8,
        "end_day": 31
    },
    "years": [
        1988,
        1989,
        1990,
        1991,
        1992,
        1993,
        1994
    ],
    "station_name": "ZZ WALBRAN"
}