{
    "FFMC": 91.35000228881836,
    "ISI": 9.199999809265137,
    "BUI": 95.5999984741211,
    "season": {
        "start_month": 5,
        "start_day": 1,
        "end_month": 8,
        "end_day": 31
    },
    "years": [
        1979,
        1980,
        1981,
        1982
    ],
    "station_name": "ZZ MOSSVALE"
}