{
    "FFMC": 84.73999938964843,
    "ISI": 3.039999961853025,
    "BUI": 35.70000076293945,
    "season": {
        "start_month": 5,
        "start_day": 1,
        "end_month": 8,
        "end_day": 31
    },
    "years": [
        1988,
        1989,
        1990,
        1991,
        1992,
        1993,
        1994
    ],
    "station_name": "ZZ DARLING"
}