{
    "FFMC": 90.1999969482422,
    "ISI": 6.4000000953674325,
    "BUI": 67.15999755859376,
    "season": {
        "start_month": 5,
        "start_day": 1,
        "end_month": 8,
        "end_day": 31
    },
    "years": [
        1981,
        1982,
        1983,
        1984,
        1985,
        1986,
        1987,
        1988,
        1989
    ],
    "station_name": "ZZ KALDER LAKE"
}