{
    "FFMC": 91.40030288696289,
    "ISI": 8.508997917175293,
    "BUI": 81.6083984375,
    "season": {
        "start_month": 5,
        "start_day": 1,
        "end_month": 8,
        "end_day": 31
    },
    "years": [
        1995,
        1996,
        1997,
        1998,
        1999,
        2000,
        2001,
        2002,
        2004,
        2005,
        2006,
        2007,
        2008,
        2009,
        2010,
        2011,
        2012,
        2013,
        2014,
        2015,
        2016,
        2017,
        2018,
        2019
    ],
    "station_name": "MACKENZIE FS"
}