{
    "FFMC": 83.69999694824219,
    "ISI": 2.299999952316284,
    "BUI": 43.5,
    "season": {
        "start_month": 5,
        "start_day": 1,
        "end_month": 8,
        "end_day": 31
    },
    "years": [
        1991,
        1992,
        1993,
        1994,
        1995,
        1996,
        1997,
        1998
    ],
    "station_name": "ZZ RENFREW"
}