{
    "FFMC": 90.90377349853516,
    "ISI": 10.314638042449948,
    "BUI": 79.77294845581054,
    "season": {
        "start_month": 5,
        "start_day": 1,
        "end_month": 8,
        "end_day": 31
    },
    "years": [
        1998,
        1999,
        2000,
        2001,
        2002,
        2003,
        2004,
        2005,
        2006,
        2007
    ],
    "station_name": "ZZ EUTSUK"
}