{
    "FFMC": 92.47000045776367,
    "ISI": 10.809999942779543,
    "BUI": 49.1,
    "season": {
        "start_month": 5,
        "start_day": 1,
        "end_month": 8,
        "end_day": 31
    },
    "years": [
        1986
    ],
    "station_name": "ZZ NOSE BAY"
}