{
    "FFMC": 89.30000305175781,
    "ISI": 6.729999828338631,
    "BUI": 48.41000137329101,
    "season": {
        "start_month": 5,
        "start_day": 1,
        "end_month": 8,
        "end_day": 31
    },
    "years": [
        1988,
        1989,
        1990,
        1991
    ],
    "station_name": "ZZ SWEDE CREEK"
}