{
    "FFMC": 91.6999969482422,
    "ISI": 10.689999866485596,
    "BUI": 81.13000259399415,
    "season": {
        "start_month": 5,
        "start_day": 1,
        "end_month": 8,
        "end_day": 31
    },
    "years": [
        1992,
        1998,
        2003
    ],
    "station_name": "ZZ HOLY CROSS"
}