{
    "FFMC": 91.5,
    "ISI": 8.879999732971193,
    "BUI": 105.8599975585938,
    "season": {
        "start_month": 5,
        "start_day": 1,
        "end_month": 8,
        "end_day": 31
    },
    "years": [
        1992,
        1993,
        1994,
        1995
    ],
    "station_name": "ZZ SUTHERLAND"
}