{
    "FFMC": 91.50665893554688,
    "ISI": 8.654144477844236,
    "BUI": 85.45509185791013,
    "season": {
        "start_month": 5,
        "start_day": 1,
        "end_month": 8,
        "end_day": 31
    },
    "years": [
        1995,
        1996,
        1998,
        1999,
        2013,
        2014,
        2015,
        2016,
        2017,
        2018,
        2019
    ],
    "station": {
        "code": "183",
        "name": "PARROTT"
    }
}