{
    "FFMC": 90.4000015258789,
    "ISI": 6.5999999046325675,
    "BUI": 78.65999755859379,
    "season": {
        "start_month": 5,
        "start_day": 1,
        "end_month": 8,
        "end_day": 31
    },
    "years": [
        1971,
        1972,
        1973,
        1974,
        1975,
        1976,
        1977,
        1978,
        1979,
        1980,
        1981,
        1982,
        1983,
        1984,
        1985,
        1986
    ],
    "station_name": "ZZ HUDTA LAKE"
}