{
    "FFMC": 90.3000030517578,
    "ISI": 5.9000000953674325,
    "BUI": 79.61999816894532,
    "season": {
        "start_month": 5,
        "start_day": 1,
        "end_month": 8,
        "end_day": 31
    },
    "years": [
        1981,
        1982,
        1983,
        1984,
        1985
    ],
    "station_name": "ZZ COTTONWOOD HOUSE"
}