{
    "FFMC": 90.1999969482422,
    "ISI": 6.0999999046325675,
    "BUI": 88.1600006103516,
    "season": {
        "start_month": 5,
        "start_day": 1,
        "end_month": 8,
        "end_day": 31
    },
    "years": [
        1981,
        1982,
        1983,
        1984,
        1985,
        1986,
        1987,
        1988
    ],
    "station_name": "ZZ SHERE"
}