{
    "FFMC": 90.5,
    "ISI": 6.199999809265138,
    "BUI": 67.46000061035156,
    "season": {
        "start_month": 5,
        "start_day": 1,
        "end_month": 8,
        "end_day": 31
    },
    "years": [
        1981,
        1982,
        1983,
        1984,
        1985
    ],
    "station_name": "ZZ LOOS"
}