{
    "FFMC": 92.53118209838867,
    "ISI": 9.626313495635994,
    "BUI": 62.47395248413088,
    "season": {
        "start_month": 5,
        "start_day": 1,
        "end_month": 8,
        "end_day": 31
    },
    "years": [
        1998,
        1999,
        2000,
        2001,
        2002,
        2003,
        2004,
        2005,
        2006,
        2007,
        2008,
        2009
    ],
    "station_name": "ZZ TONQUIN -PARKS"
}