{
    "FFMC": 90.72999877929689,
    "ISI": 8.899999618530273,
    "BUI": 133.7299987792969,
    "season": {
        "start_month": 5,
        "start_day": 1,
        "end_month": 8,
        "end_day": 31
    },
    "years": [
        1981,
        1982,
        1983,
        1984,
        1985,
        1986,
        1987
    ],
    "station_name": "ZZ KLEENA KLEENE"
}