{
    "FFMC": 90.6999969482422,
    "ISI": 6.9000000953674325,
    "BUI": 105.6500015258789,
    "season": {
        "start_month": 5,
        "start_day": 1,
        "end_month": 8,
        "end_day": 31
    },
    "years": [
        1981,
        1982
    ],
    "station_name": "ZZ SATRE RANCH"
}