{
    "FFMC": 88.4900001525879,
    "ISI": 6.4200000762939435,
    "BUI": 79.07000045776367,
    "season": {
        "start_month": 5,
        "start_day": 1,
        "end_month": 8,
        "end_day": 31
    },
    "years": [
        1983
    ],
    "station_name": "ZZ PAN PHILIPS"
}