{
    "FFMC": 91.4000015258789,
    "ISI": 8.800000190734863,
    "BUI": 78.5999984741211,
    "season": {
        "start_month": 5,
        "start_day": 1,
        "end_month": 8,
        "end_day": 31
    },
    "years": [
        1987,
        1988,
        1989,
        1990,
        1991,
        1992,
        1993,
        1994,
        1995,
        1996
    ],
    "station_name": "ZZ NO NAME"
}