{
    "FFMC": 92.92000122070313,
    "ISI": 9.300000190734863,
    "BUI": 108.00000152587893,
    "season": {
        "start_month": 5,
        "start_day": 1,
        "end_month": 8,
        "end_day": 31
    },
    "years": [
        1988,
        1989,
        1990,
        1991,
        1992,
        1993,
        1994
    ],
    "station_name": "ZZ BIG CREEK"
}