{
    "FFMC": 91.5999984741211,
    "ISI": 7.800000190734862,
    "BUI": 137.37999420166017,
    "season": {
        "start_month": 5,
        "start_day": 1,
        "end_month": 8,
        "end_day": 31
    },
    "years": [
        1990,
        1991,
        1992,
        1993,
        1994
    ],
    "station_name": "ZZ MAKIN"
}