{
    "FFMC": 91.3000030517578,
    "ISI": 8.899999618530273,
    "BUI": 73.69999694824219,
    "season": {
        "start_month": 5,
        "start_day": 1,
        "end_month": 8,
        "end_day": 31
    },
    "years": [
        1991,
        1992,
        1993,
        1994,
        1995
    ],
    "station_name": "ZZ SKELTON"
}