{
    "FFMC": 91.0999984741211,
    "ISI": 7.800000190734862,
    "BUI": 66.30000305175781,
    "season": {
        "start_month": 5,
        "start_day": 1,
        "end_month": 8,
        "end_day": 31
    },
    "years": [
        1983,
        1984,
        1986,
        1987,
        1988,
        1991,
        1992,
        1993,
        1994,
        1995,
        1996,
        1997
    ],
    "station_name": "ZZ THUYA LAKE (NEC)"
}