{
    "FFMC": 91.4000015258789,
    "ISI": 8.199999809265138,
    "BUI": 87.9000015258789,
    "season": {
        "start_month": 5,
        "start_day": 1,
        "end_month": 8,
        "end_day": 31
    },
    "years": [
        1971,
        1972,
        1973,
        1974,
        1975,
        1976,
        1977,
        1978,
        1979,
        1980,
        1981,
        1982,
        1983,
        1984,
        1985,
        1986,
        1987,
        1988,
        1989,
        1990,
        1991,
        1992,
        1993
    ],
    "station_name": "ZZ HORSEFLY R/S"
}