{
    "FFMC": 92.8000030517578,
    "ISI": 7.5999999046325675,
    "BUI": 116.51999969482422,
    "season": {
        "start_month": 5,
        "start_day": 1,
        "end_month": 8,
        "end_day": 31
    },
    "years": [
        1977,
        1978,
        1979,
        1980,
        1981,
        1982,
        1983,
        1984
    ],
    "station_name": "ZZ BARRIERE"
}