{
    "FFMC": 90.6999969482422,
    "ISI": 9.090000343322751,
    "BUI": 70.08999710083006,
    "season": {
        "start_month": 5,
        "start_day": 1,
        "end_month": 8,
        "end_day": 31
    },
    "years": [
        1987,
        1988,
        1989,
        1990,
        1991,
        1992
    ],
    "station_name": "ZZ BENSON DR1"
}