{
    "FFMC": 91.8000030517578,
    "ISI": 9.100000381469727,
    "BUI": 72.01999740600588,
    "season": {
        "start_month": 5,
        "start_day": 1,
        "end_month": 8,
        "end_day": 31
    },
    "years": [
        1979,
        1980,
        1981,
        1982,
        1983,
        1984,
        1985,
        1986,
        1987,
        1988,
        1989,
        1990,
        1991,
        1992
    ],
    "station_name": "ZZ COLDSCAUR LAKE DR1"
}