{
    "FFMC": 90.1999969482422,
    "ISI": 6.5999999046325675,
    "BUI": 53.75999984741211,
    "season": {
        "start_month": 5,
        "start_day": 1,
        "end_month": 8,
        "end_day": 31
    },
    "years": [
        1980,
        1981,
        1989,
        1990,
        1991,
        1992,
        1993,
        1994
    ],
    "station_name": "ZZ LANG"
}