{
    "FFMC": 90.8000030517578,
    "ISI": 6.490000009536741,
    "BUI": 70.58999862670898,
    "season": {
        "start_month": 5,
        "start_day": 1,
        "end_month": 8,
        "end_day": 31
    },
    "years": [
        1983,
        1984,
        1986,
        1987,
        1988,
        1991,
        1992
    ],
    "station_name": "ZZ THUYA LAKE"
}