{
    "FFMC": 92.4000015258789,
    "ISI": 8.399999618530272,
    "BUI": 91.9000015258789,
    "season": {
        "start_month": 5,
        "start_day": 1,
        "end_month": 8,
        "end_day": 31
    },
    "years": [
        1989,
        1990,
        1991,
        1992,
        1993,
        1994,
        1995,
        1996,
        1997
    ],
    "station_name": "ZZ VAVENBY (NEC)"
}