{
    "FFMC": 91.0,
    "ISI": 11.100000381469727,
    "BUI": 102.00999984741212,
    "season": {
        "start_month": 5,
        "start_day": 1,
        "end_month": 8,
        "end_day": 31
    },
    "years": [
        1978,
        1979,
        1980,
        1986,
        1987,
        1988,
        1989,
        1990,
        1991,
        1992,
        1993,
        1994,
        1995,
        1996,
        1997,
        1998,
        1999,
        2000
    ],
    "station_name": "ZZ COPPER CANYON (NEC)"
}