{
    "FFMC": 90.5999984741211,
    "ISI": 8.800000190734863,
    "BUI": 56.29999923706055,
    "season": {
        "start_month": 5,
        "start_day": 1,
        "end_month": 8,
        "end_day": 31
    },
    "years": [
        1993,
        1994,
        1995,
        1996,
        1997,
        1998,
        1999,
        2000,
        2001
    ],
    "station_name": "ZZ LOON LAKE"
}