{
    "FFMC": 88.27999877929689,
    "ISI": 4.699999809265137,
    "BUI": 47.37999877929694,
    "season": {
        "start_month": 5,
        "start_day": 1,
        "end_month": 8,
        "end_day": 31
    },
    "years": [
        1981,
        1982
    ],
    "station_name": "ZZ HENDRIX LAKE"
}