{
    "FFMC": 89.73999938964845,
    "ISI": 5.099999904632568,
    "BUI": 74.81999816894532,
    "season": {
        "start_month": 5,
        "start_day": 1,
        "end_month": 8,
        "end_day": 31
    },
    "years": [
        1981,
        1982,
        1983,
        1985
    ],
    "station_name": "ZZ BOWRON PARK DR1"
}