{
    "FFMC": 92.6999969482422,
    "ISI": 9.780000114440925,
    "BUI": 72.90000000000003,
    "season": {
        "start_month": 5,
        "start_day": 1,
        "end_month": 8,
        "end_day": 31
    },
    "years": [
        1991,
        1992,
        1993,
        1994,
        1995,
        1996,
        1997
    ],
    "station_name": "ZZ RAFT RIVER (NEC)"
}