{
    "FFMC": 93.3000030517578,
    "ISI": 11.600000381469727,
    "BUI": 166.2800033569336,
    "season": {
        "start_month": 5,
        "start_day": 1,
        "end_month": 8,
        "end_day": 31
    },
    "years": [
        1970,
        1971,
        1972,
        1973,
        1974,
        1975,
        1986,
        1987,
        1988,
        1989,
        1990,
        1991,
        1992,
        1993,
        1994,
        1995,
        1996,
        1997
    ],
    "station_name": "ZZ LAMONT"
}