{
    "FFMC": 85.08999862670899,
    "ISI": 4.599999904632568,
    "BUI": 56.39000129699707,
    "season": {
        "start_month": 5,
        "start_day": 1,
        "end_month": 8,
        "end_day": 31
    },
    "years": [
        1978,
        1979,
        1980,
        1981
    ],
    "station_name": "ZZ SAYWARD"
}