{
    "FFMC": 91.0999984741211,
    "ISI": 8.199999809265138,
    "BUI": 84.9000015258789,
    "season": {
        "start_month": 5,
        "start_day": 1,
        "end_month": 8,
        "end_day": 31
    },
    "years": [
        1977,
        1978,
        1979,
        1980,
        1981,
        1986,
        1987,
        1988,
        1989,
        1990,
        1991,
        1992,
        1993,
        1994,
        1995,
        1996,
        1997
    ],
    "station_name": "ZZ DILLARD"
}