{
    "FFMC": 93.0999984741211,
    "ISI": 12.5,
    "BUI": 111.4000015258789,
    "season": {
        "start_month": 5,
        "start_day": 1,
        "end_month": 8,
        "end_day": 31
    },
    "years": [
        1977,
        1978,
        1979,
        1980,
        1981,
        1982,
        1983
    ],
    "station_name": "ZZ LUMBY R/S"
}