{
    "FFMC": 92.4000015258789,
    "ISI": 8.209999847412114,
    "BUI": 142.81000213623048,
    "season": {
        "start_month": 5,
        "start_day": 1,
        "end_month": 8,
        "end_day": 31
    },
    "years": [
        1977,
        1978,
        1979,
        1980,
        1981,
        1982,
        1983
    ],
    "station_name": "ZZ GOLDBRIDGES"
}