{
    "FFMC": 93.9000015258789,
    "ISI": 10.570000267028814,
    "BUI": 142.27999572753907,
    "season": {
        "start_month": 5,
        "start_day": 1,
        "end_month": 8,
        "end_day": 31
    },
    "years": [
        1978,
        1979,
        1980,
        1981,
        1982,
        1983,
        1984,
        1985
    ],
    "station_name": "ZZ VERNON  R/S"
}