{
    "FFMC": 94.5999984741211,
    "ISI": 12.0,
    "BUI": 169.12000427246093,
    "season": {
        "start_month": 5,
        "start_day": 1,
        "end_month": 8,
        "end_day": 31
    },
    "years": [
        1986,
        1987,
        1990
    ],
    "station_name": "ZZ KAL LAKE"
}