{
    "FFMC": 91.32000274658202,
    "ISI": 8.199999809265138,
    "BUI": 90.84000244140624,
    "season": {
        "start_month": 5,
        "start_day": 1,
        "end_month": 8,
        "end_day": 31
    },
    "years": [
        1978,
        1979,
        1980,
        1981,
        1987,
        1988,
        1989,
        1990,
        1991,
        1992,
        1993,
        1994,
        1995,
        1996,
        1997
    ],
    "station_name": "ZZ SPRUCE"
}