{
    "FFMC": 92.3000030517578,
    "ISI": 9.199999809265137,
    "BUI": 123.6600006103516,
    "season": {
        "start_month": 5,
        "start_day": 1,
        "end_month": 8,
        "end_day": 31
    },
    "years": [
        1978,
        1979,
        1980,
        1981,
        1982,
        1983,
        1984,
        1985,
        1986,
        1987
    ],
    "station_name": "ZZ MANNING PARK"
}