{
    "FFMC": 87.0999984741211,
    "ISI": 6.729999923706056,
    "BUI": 56.829999923706055,
    "season": {
        "start_month": 5,
        "start_day": 1,
        "end_month": 8,
        "end_day": 31
    },
    "years": [
        1979,
        1980,
        1981,
        1982,
        1983
    ],
    "station_name": "ZZ CORNWALL"
}