{
    "FFMC": 93.9000015258789,
    "ISI": 8.209999847412114,
    "BUI": 135.36000213623046,
    "season": {
        "start_month": 5,
        "start_day": 1,
        "end_month": 8,
        "end_day": 31
    },
    "years": [
        1992,
        1993,
        1994,
        1995,
        1996
    ],
    "station_name": "ZZ ROSE HILL"
}