{
    "FFMC": 88.80000305175781,
    "ISI": 6.800000190734862,
    "BUI": 61.20000076293945,
    "season": {
        "start_month": 5,
        "start_day": 1,
        "end_month": 8,
        "end_day": 31
    },
    "years": [
        1970,
        1971,
        1972,
        1973,
        1974,
        1975,
        1976,
        1977,
        1978,
        1979,
        1980,
        1981,
        1982,
        1983,
        1984,
        1990,
        1991,
        1994
    ],
    "station_name": "ZZ FRANKLIN R."
}