{
    "FFMC": 88.0999984741211,
    "ISI": 5.88000011444092,
    "BUI": 73.24000244140625,
    "season": {
        "start_month": 5,
        "start_day": 1,
        "end_month": 8,
        "end_day": 31
    },
    "years": [
        1979,
        1980,
        1981,
        1982,
        1983
    ],
    "station_name": "ZZ ADAM 106"
}