{
    "FFMC": 93.85419845581055,
    "ISI": 8.555498695373535,
    "BUI": 201.13287353515622,
    "season": {
        "start_month": 5,
        "start_day": 1,
        "end_month": 8,
        "end_day": 31
    },
    "years": [
        1998,
        1999,
        2000,
        2001,
        2002,
        2003,
        2004,
        2005,
        2006,
        2007,
        2008
    ],
    "station_name": "ZZ GOLDBRIDGE"
}