{
    "FFMC": 94.1999969482422,
    "ISI": 12.899999618530273,
    "BUI": 149.4000061035157,
    "season": {
        "start_month": 5,
        "start_day": 1,
        "end_month": 8,
        "end_day": 31
    },
    "years": [
        1992,
        1993,
        1994,
        1995,
        1996,
        1997
    ],
    "station_name": "ZZ DEWDROP"
}