{
    "FFMC": 93.15373764038085,
    "ISI": 11.739702033996583,
    "BUI": 123.84377593994145,
    "season": {
        "start_month": 5,
        "start_day": 1,
        "end_month": 8,
        "end_day": 31
    },
    "years": [
        1979,
        1980,
        1981,
        1983,
        1984,
        1985,
        1986,
        1990,
        1991,
        1992,
        1993,
        1994,
        1995,
        1996,
        1998,
        1999,
        2000,
        2001,
        2002,
        2003,
        2004,
        2005,
        2006,
        2007,
        2008,
        2009,
        2010,
        2011,
        2012,
        2013,
        2014,
        2015,
        2016,
        2017,
        2018,
        2019
    ],
    "station": {
        "code": "306",
        "name": "FRENCH BAR"
    }
}