{
    "FFMC": 88.69999694824219,
    "ISI": 6.390000104904179,
    "BUI": 79.36000137329103,
    "season": {
        "start_month": 5,
        "start_day": 1,
        "end_month": 8,
        "end_day": 31
    },
    "years": [
        1979,
        1980,
        1981,
        1982,
        1983
    ],
    "station_name": "ZZ BOOT L/O"
}