{
    "FFMC": 94.4000015258789,
    "ISI": 10.97999992370605,
    "BUI": 146.1599945068359,
    "season": {
        "start_month": 5,
        "start_day": 1,
        "end_month": 8,
        "end_day": 31
    },
    "years": [
        1986,
        1987,
        1988,
        1989,
        1990,
        1991,
        1992,
        1993,
        1994,
        1995,
        1996,
        1997
    ],
    "station_name": "ZZ DOT"
}