{
    "FFMC": 89.0,
    "ISI": 5.699999809265138,
    "BUI": 50.42000122070312,
    "season": {
        "start_month": 5,
        "start_day": 1,
        "end_month": 8,
        "end_day": 31
    },
    "years": [
        1987,
        1988,
        1989,
        1990,
        1991,
        1992,
        1993,
        1994,
        1995,
        1996,
        1997
    ],
    "station_name": "ZZ WENTWORTH"
}