{
    "FFMC": 89.63999786376952,
    "ISI": 5.5,
    "BUI": 58.20000076293945,
    "season": {
        "start_month": 5,
        "start_day": 1,
        "end_month": 8,
        "end_day": 31
    },
    "years": [
        1987,
        1988,
        1989,
        1990,
        1991,
        1992
    ],
    "station_name": "ZZ CAHILTY DR3"
}