{
    "FFMC": 93.0,
    "ISI": 11.100000381469727,
    "BUI": 141.0999984741211,
    "season": {
        "start_month": 5,
        "start_day": 1,
        "end_month": 8,
        "end_day": 31
    },
    "years": [
        1987,
        1988,
        1989,
        1990
    ],
    "station_name": "ZZ MEADOW LAKE DR3"
}