{
    "FFMC": 89.0,
    "ISI": 7.800000190734862,
    "BUI": 73.82000274658203,
    "season": {
        "start_month": 5,
        "start_day": 1,
        "end_month": 8,
        "end_day": 31
    },
    "years": [
        1980,
        1981,
        1982
    ],
    "station_name": "ZZ SHAWNIGAN"
}