{
    "FFMC": 91.3000030517578,
    "ISI": 9.38999967575073,
    "BUI": 88.89000167846679,
    "season": {
        "start_month": 5,
        "start_day": 1,
        "end_month": 8,
        "end_day": 31
    },
    "years": [
        1988,
        1989,
        1990,
        1991,
        1992,
        1993,
        1994,
        1995,
        1996,
        1997
    ],
    "station_name": "ZZ TYNER"
}