{
    "FFMC": 91.62999801635743,
    "ISI": 8.630000209808358,
    "BUI": 85.33000259399415,
    "season": {
        "start_month": 5,
        "start_day": 1,
        "end_month": 8,
        "end_day": 31
    },
    "years": [
        1988,
        1989,
        1990,
        1991,
        1992,
        1993,
        1994,
        1995,
        1996,
        1997
    ],
    "station_name": "ZZ MID-SLOPE"
}