{
    "FFMC": 93.90028457641601,
    "ISI": 11.0,
    "BUI": 176.82349243164066,
    "season": {
        "start_month": 5,
        "start_day": 1,
        "end_month": 8,
        "end_day": 31
    },
    "years": [
        1977,
        1978,
        1979,
        1980,
        1981,
        1982,
        1983,
        1984,
        1985,
        1986,
        1987,
        1988,
        1989,
        1990,
        1991,
        1992,
        1993,
        1994,
        1995,
        1997,
        1998,
        1999,
        2000,
        2001,
        2002,
        2003,
        2004
    ],
    "station_name": "ZZ BOSTON BAR"
}