{
    "FFMC": 95.03638763427735,
    "ISI": 14.847120666503915,
    "BUI": 167.72023162841805,
    "season": {
        "start_month": 5,
        "start_day": 1,
        "end_month": 8,
        "end_day": 31
    },
    "years": [
        1990,
        1991,
        1992,
        1993,
        1994,
        1995,
        1996,
        1997,
        1998,
        1999,
        2000,
        2001,
        2002,
        2003,
        2004,
        2005,
        2006,
        2007,
        2008
    ],
    "station_name": "ZZ STEMWINDER"
}