{
    "FFMC": 90.6999969482422,
    "ISI": 7.199999809265138,
    "BUI": 77.30000305175781,
    "season": {
        "start_month": 5,
        "start_day": 1,
        "end_month": 8,
        "end_day": 31
    },
    "years": [
        1977,
        1978,
        1979,
        1980,
        1981
    ],
    "station_name": "ZZ LITTLE WHITE"
}