{
    "FFMC": 92.3000030517578,
    "ISI": 11.399999618530273,
    "BUI": 107.1500015258789,
    "season": {
        "start_month": 5,
        "start_day": 1,
        "end_month": 8,
        "end_day": 31
    },
    "years": [
        1979,
        1980,
        1981,
        1982,
        1983,
        1984
    ],
    "station_name": "ZZ CHAIN LAKE"
}