{
    "FFMC": 94.33000259399414,
    "ISI": 10.130000209808351,
    "BUI": 151.78999786376954,
    "season": {
        "start_month": 5,
        "start_day": 1,
        "end_month": 8,
        "end_day": 31
    },
    "years": [
        1986,
        1987,
        1988
    ],
    "station_name": "ZZ IDA BELL LAKE"
}