{
    "FFMC": 93.1059211730957,
    "ISI": 8.199999809265138,
    "BUI": 118.01579208374022,
    "season": {
        "start_month": 5,
        "start_day": 1,
        "end_month": 8,
        "end_day": 31
    },
    "years": [
        1987,
        1988,
        1989,
        1990,
        1991,
        1992,
        1993,
        1994,
        1996,
        1998,
        1999,
        2000,
        2001,
        2002,
        2003,
        2004
    ],
    "station_name": "ZZ IDA BELL LK II"
}