{
    "FFMC": 92.5999984741211,
    "ISI": 11.620000267028813,
    "BUI": 101.82000274658202,
    "season": {
        "start_month": 5,
        "start_day": 1,
        "end_month": 8,
        "end_day": 31
    },
    "years": [
        1988,
        1989,
        1990,
        1991,
        1992,
        1993,
        1994,
        1995,
        1996,
        1997
    ],
    "station_name": "ZZ AGUR LAKE (NEC)"
}