{
    "FFMC": 91.9000015258789,
    "ISI": 9.199999809265137,
    "BUI": 113.3399993896485,
    "season": {
        "start_month": 5,
        "start_day": 1,
        "end_month": 8,
        "end_day": 31
    },
    "years": [
        1982,
        1983,
        1984,
        1985,
        1986,
        1987,
        1988
    ],
    "station_name": "ZZ HARRIS CREEK"
}