{
    "FFMC": 94.5999984741211,
    "ISI": 15.699999809265135,
    "BUI": 156.41999969482424,
    "season": {
        "start_month": 5,
        "start_day": 1,
        "end_month": 8,
        "end_day": 31
    },
    "years": [
        1994,
        1995,
        1996,
        1997
    ],
    "station_name": "ZZ FS OSOYOOS (NEC)"
}