{
    "FFMC": 91.8000030517578,
    "ISI": 8.264739513397217,
    "BUI": 80.5999984741211,
    "season": {
        "start_month": 5,
        "start_day": 1,
        "end_month": 8,
        "end_day": 31
    },
    "years": [
        1972,
        1973,
        1974,
        1975,
        1976,
        1977,
        1989,
        1990,
        1991,
        1992,
        1993,
        1994,
        1995,
        1996,
        1997,
        1998,
        1999,
        2000,
        2001,
        2002,
        2003
    ],
    "station_name": "ZZ BIG MOUTH"
}