{
    "FFMC": 91.3000030517578,
    "ISI": 8.080000305175789,
    "BUI": 78.81999969482428,
    "season": {
        "start_month": 5,
        "start_day": 1,
        "end_month": 8,
        "end_day": 31
    },
    "years": [
        1977,
        1978,
        1979,
        1980,
        1981,
        1982
    ],
    "station_name": "ZZ SICAMOUS"
}