{
    "FFMC": 90.4000015258789,
    "ISI": 6.9000000953674325,
    "BUI": 85.21999740600586,
    "season": {
        "start_month": 5,
        "start_day": 1,
        "end_month": 8,
        "end_day": 31
    },
    "years": [
        1977,
        1978,
        1979,
        1980,
        1981,
        1982,
        1983
    ],
    "station_name": "ZZ LAMMERS"
}