{
    "FFMC": 92.5,
    "ISI": 9.100000381469727,
    "BUI": 94.37999954223635,
    "season": {
        "start_month": 5,
        "start_day": 1,
        "end_month": 8,
        "end_day": 31
    },
    "years": [
        1978,
        1979,
        1980,
        1981,
        1982,
        1983
    ],
    "station_name": "ZZ LAFORME CREEK"
}