{
    "FFMC": 89.19999694824219,
    "ISI": 5.199999809265137,
    "BUI": 70.14999771118164,
    "season": {
        "start_month": 5,
        "start_day": 1,
        "end_month": 8,
        "end_day": 31
    },
    "years": [
        1983,
        1984,
        1985,
        1986,
        1987,
        1988,
        1989,
        1990,
        1991,
        1992,
        1993,
        1994,
        1997
    ],
    "station_name": "ZZ WACO LAKE"
}