{
    "FFMC": 91.8000030517578,
    "ISI": 7.659999847412124,
    "BUI": 70.19999694824219,
    "season": {
        "start_month": 5,
        "start_day": 1,
        "end_month": 8,
        "end_day": 31
    },
    "years": [
        1986,
        1987,
        1988,
        1989,
        1990,
        1991,
        1992,
        1993,
        1994,
        1995,
        1996
    ],
    "station_name": "ZZ SIMARD (NEC)"
}