{
    "FFMC": 89.30000305175781,
    "ISI": 5.300000190734863,
    "BUI": 43.86000061035156,
    "season": {
        "start_month": 5,
        "start_day": 1,
        "end_month": 8,
        "end_day": 31
    },
    "years": [
        1979,
        1980,
        1981,
        1982,
        1983
    ],
    "station_name": "ZZ YARD CREEK"
}