{
    "FFMC": 91.8000030517578,
    "ISI": 7.102907991409299,
    "BUI": 78.5099998474121,
    "season": {
        "start_month": 5,
        "start_day": 1,
        "end_month": 8,
        "end_day": 31
    },
    "years": [
        1981,
        1982,
        1983,
        1984,
        1985,
        1986,
        1987,
        1988,
        1989,
        1990,
        1991,
        1992,
        1993,
        1994,
        1995,
        1996,
        1997,
        1998,
        1999,
        2000,
        2001,
        2002,
        2003,
        2004,
        2005
    ],
    "station_name": "ZZ GOLDSTREAM"
}