{
    "FFMC": 90.6999969482422,
    "ISI": 6.039999961853036,
    "BUI": 70.84000244140626,
    "season": {
        "start_month": 5,
        "start_day": 1,
        "end_month": 8,
        "end_day": 31
    },
    "years": [
        1982,
        1983,
        1984,
        1985,
        1986,
        1987,
        1988,
        1989,
        1990,
        1991,
        1992,
        1993,
        1994,
        1995
    ],
    "station_name": "ZZ SPRAGUE"
}