{
    "FFMC": 88.26000289916992,
    "ISI": 4.589999914169312,
    "BUI": 41.019998550415046,
    "season": {
        "start_month": 5,
        "start_day": 1,
        "end_month": 8,
        "end_day": 31
    },
    "years": [
        1983
    ],
    "station_name": "ZZ MALAKWA"
}