{
    "FFMC": 91.3000030517578,
    "ISI": 6.9000000953674325,
    "BUI": 97.11999969482422,
    "season": {
        "start_month": 5,
        "start_day": 1,
        "end_month": 8,
        "end_day": 31
    },
    "years": [
        1984,
        1985,
        1986,
        1987
    ],
    "station_name": "ZZ MABLE  LK."
}