{
    "FFMC": 86.80000305175781,
    "ISI": 4.900000095367432,
    "BUI": 53.479999923706075,
    "season": {
        "start_month": 5,
        "start_day": 1,
        "end_month": 8,
        "end_day": 31
    },
    "years": [
        1987,
        1988,
        1989,
        1990,
        1991,
        1992,
        1993,
        1994,
        1995,
        1996,
        1997,
        1998
    ],
    "station_name": "ZZ PASS (CAMERON)"
}