{
    "FFMC": 92.52974700927734,
    "ISI": 7.199999809265138,
    "BUI": 68.53818817138672,
    "season": {
        "start_month": 5,
        "start_day": 1,
        "end_month": 8,
        "end_day": 31
    },
    "years": [
        1990,
        1991,
        1992,
        1993,
        1994,
        1995,
        1996,
        1997,
        1998,
        1999,
        2000,
        2001,
        2002,
        2003,
        2004,
        2005
    ],
    "station_name": "ZZ SOR-NIE"
}