{
    "FFMC": 91.3000030517578,
    "ISI": 7.579999923706055,
    "BUI": 110.78000030517579,
    "season": {
        "start_month": 5,
        "start_day": 1,
        "end_month": 8,
        "end_day": 31
    },
    "years": [
        1982,
        1983,
        1984
    ],
    "station_name": "ZZ SPILLIMACHEEN"
}