{
    "FFMC": 89.95000076293945,
    "ISI": 6.6500000953674325,
    "BUI": 53.80000114440918,
    "season": {
        "start_month": 5,
        "start_day": 1,
        "end_month": 8,
        "end_day": 31
    },
    "years": [
        1982,
        1983
    ],
    "station_name": "ZZ KINBASKET"
}