{
    "FFMC": 92.88529815673827,
    "ISI": 7.300000190734862,
    "BUI": 113.00439453125,
    "season": {
        "start_month": 5,
        "start_day": 1,
        "end_month": 8,
        "end_day": 31
    },
    "years": [
        1986,
        1987,
        1989,
        1990,
        1991,
        1992,
        1993,
        1994,
        1995,
        1996,
        1997,
        1998,
        1999,
        2000,
        2001,
        2002,
        2003,
        2004
    ],
    "station_name": "ZZ DRIFTWOOD"
}