{
    "FFMC": 90.92742156982422,
    "ISI": 6.199999809265138,
    "BUI": 76.02222137451173,
    "season": {
        "start_month": 5,
        "start_day": 1,
        "end_month": 8,
        "end_day": 31
    },
    "years": [
        1989,
        1990,
        1991,
        1992,
        1993,
        1994,
        1995,
        1996,
        1997,
        1998,
        1999,
        2000,
        2001,
        2002,
        2003
    ],
    "station_name": "ZZ DONALD CREEK"
}