{
    "FFMC": 90.5999984741211,
    "ISI": 5.9000000953674325,
    "BUI": 91.74910583496096,
    "season": {
        "start_month": 5,
        "start_day": 1,
        "end_month": 8,
        "end_day": 31
    },
    "years": [
        1970,
        1971,
        1972,
        1973,
        1974,
        1975,
        1976,
        1977,
        1978,
        1979,
        1980,
        1981,
        1990,
        1991,
        1992,
        1993,
        1994,
        1995,
        1996,
        1997,
        1998,
        1999,
        2000,
        2001
    ],
    "station_name": "ZZ RIONDEL"
}