{
    "FFMC": 89.4000015258789,
    "ISI": 6.699999809265138,
    "BUI": 78.5,
    "season": {
        "start_month": 5,
        "start_day": 1,
        "end_month": 8,
        "end_day": 31
    },
    "years": [
        1979,
        1980,
        1981,
        1982
    ],
    "station_name": "ZZ FAUQUIER"
}