{
    "FFMC": 90.5,
    "ISI": 7.0999999046325675,
    "BUI": 96.8000030517578,
    "season": {
        "start_month": 5,
        "start_day": 1,
        "end_month": 8,
        "end_day": 31
    },
    "years": [
        1979,
        1980,
        1981,
        1982
    ],
    "station_name": "ZZ CRESTON DR1"
}