{
    "FFMC": 91.0264762878418,
    "ISI": 6.399832010269166,
    "BUI": 69.441268157959,
    "season": {
        "start_month": 5,
        "start_day": 1,
        "end_month": 8,
        "end_day": 31
    },
    "years": [
        1980,
        1981,
        1982,
        1983,
        1984,
        1986,
        1987,
        1988,
        1989,
        1990,
        1991,
        1992,
        1993,
        1994,
        1995,
        1996,
        1997,
        1998,
        1999,
        2000,
        2001,
        2002,
        2003,
        2004,
        2005,
        2006,
        2007,
        2008,
        2009,
        2010
    ],
    "station_name": "ZZ HOWSER"
}