{
    "FFMC": 88.4000015258789,
    "ISI": 5.659999942779538,
    "BUI": 46.79999847412108,
    "season": {
        "start_month": 5,
        "start_day": 1,
        "end_month": 8,
        "end_day": 31
    },
    "years": [
        1991,
        1992,
        1993,
        1994
    ],
    "station_name": "ZZ LAVINA"
}