{
    "FFMC": 86.59892272949219,
    "ISI": 6.800000190734862,
    "BUI": 53.599998474121094,
    "season": {
        "start_month": 5,
        "start_day": 1,
        "end_month": 8,
        "end_day": 31
    },
    "years": [
        1989,
        1990,
        1991,
        1992,
        1993,
        1994,
        1995,
        1996,
        1997,
        1998,
        1999,
        2000,
        2001
    ],
    "station_name": "ZZ CATS EARS"
}