{
    "FFMC": 90.9000015258789,
    "ISI": 6.800000190734862,
    "BUI": 84.6500015258789,
    "season": {
        "start_month": 5,
        "start_day": 1,
        "end_month": 8,
        "end_day": 31
    },
    "years": [
        1983,
        1984
    ],
    "station_name": "ZZ HARROP NURSERY"
}