{
    "FFMC": 93.0999984741211,
    "ISI": 9.030000114440925,
    "BUI": 110.10000305175787,
    "season": {
        "start_month": 5,
        "start_day": 1,
        "end_month": 8,
        "end_day": 31
    },
    "years": [
        1985,
        1986,
        1987,
        1988,
        1989
    ],
    "station_name": "ZZ REDFISH"
}