{
    "FFMC": 90.82000274658202,
    "ISI": 5.119999885559081,
    "BUI": 89.16000061035152,
    "season": {
        "start_month": 5,
        "start_day": 1,
        "end_month": 8,
        "end_day": 31
    },
    "years": [
        1989,
        1990,
        1991
    ],
    "station_name": "ZZ DUHAMEL"
}