{
    "FFMC": 90.6999969482422,
    "ISI": 6.699999809265138,
    "BUI": 59.41000137329101,
    "season": {
        "start_month": 5,
        "start_day": 1,
        "end_month": 8,
        "end_day": 31
    },
    "years": [
        1992,
        1993,
        1994,
        1995,
        1996,
        1997
    ],
    "station_name": "ZZ EDGEWOOD"
}