{
    "FFMC": 88.19999694824219,
    "ISI": 7.536638975143439,
    "BUI": 62.56000022888185,
    "season": {
        "start_month": 5,
        "start_day": 1,
        "end_month": 8,
        "end_day": 31
    },
    "years": [
        1992,
        1993,
        1994,
        1995,
        1996,
        1997,
        1998,
        1999
    ],
    "station_name": "ZZ PYE LAKE"
}