{
    "FFMC": 93.83862075805665,
    "ISI": 10.311399269104006,
    "BUI": 110.15511016845707,
    "season": {
        "start_month": 5,
        "start_day": 1,
        "end_month": 8,
        "end_day": 31
    },
    "years": [
        1970,
        1971,
        1972,
        1973,
        1974,
        1975,
        1976,
        1977,
        1978,
        1989,
        1990,
        1991,
        1992,
        1993,
        1994,
        1995,
        1996,
        1997,
        1998,
        1999,
        2000,
        2001,
        2002
    ],
    "station_name": "ZZ BLUE LAKE (NEC)"
}