{
    "FFMC": 92.44000091552735,
    "ISI": 12.100000381469727,
    "BUI": 138.51999511718753,
    "season": {
        "start_month": 5,
        "start_day": 1,
        "end_month": 8,
        "end_day": 31
    },
    "years": [
        1970,
        1971,
        1972,
        1973,
        1974,
        1975,
        1976,
        1977,
        1978,
        1979,
        1980,
        1981,
        1982,
        1983,
        1984
    ],
    "station_name": "ZZ INVERMERE R/S"
}