{
    "FFMC": 91.6999969482422,
    "ISI": 8.800000190734863,
    "BUI": 111.88000106811525,
    "season": {
        "start_month": 5,
        "start_day": 1,
        "end_month": 8,
        "end_day": 31
    },
    "years": [
        1979,
        1980,
        1981,
        1982,
        1983,
        1984
    ],
    "station_name": "ZZ FLATHEAD"
}