{
    "FFMC": 93.3900016784668,
    "ISI": 11.17999982833863,
    "BUI": 112.82999877929697,
    "season": {
        "start_month": 5,
        "start_day": 1,
        "end_month": 8,
        "end_day": 31
    },
    "years": [
        1986,
        1987,
        1988,
        1989,
        1990
    ],
    "station_name": "ZZ QUINN"
}