{
    "FFMC": 88.34000015258789,
    "ISI": 6.0999999046325675,
    "BUI": 61.64000053405762,
    "season": {
        "start_month": 5,
        "start_day": 1,
        "end_month": 8,
        "end_day": 31
    },
    "years": [
        1993,
        1994,
        1998,
        1999,
        2000,
        2001,
        2002,
        2003,
        2004,
        2005,
        2006,
        2007
    ],
    "station_name": "ZZ BAKER HUB AWL"
}