{
    "FFMC": 87.9000015258789,
    "ISI": 5.199999809265137,
    "BUI": 69.5,
    "season": {
        "start_month": 5,
        "start_day": 1,
        "end_month": 8,
        "end_day": 31
    },
    "years": [
        1970,
        1971,
        1972,
        1973,
        1974,
        1975,
        1976,
        1977,
        1978,
        1980,
        1993,
        1994,
        1995,
        1996,
        1997
    ],
    "station_name": "ZZ NANOOSE"
}