{
    "FFMC": 92.6999969482422,
    "ISI": 11.660000038146974,
    "BUI": 97.14000244140625,
    "season": {
        "start_month": 5,
        "start_day": 1,
        "end_month": 8,
        "end_day": 31
    },
    "years": [
        1986,
        1987,
        1988,
        1989,
        1990,
        1991,
        1992,
        1993
    ],
    "station_name": "ZZ KELLY LAKE"
}