{
    "FFMC": 90.9000015258789,
    "ISI": 7.9000000953674325,
    "BUI": 90.12999877929691,
    "season": {
        "start_month": 5,
        "start_day": 1,
        "end_month": 8,
        "end_day": 31
    },
    "years": [
        1979,
        1980,
        1981,
        1982,
        1983,
        1984,
        1985,
        1986,
        1987,
        1988,
        1989,
        1990,
        1991,
        1993,
        1994,
        1995
    ],
    "station_name": "ZZ COAL RIVER"
}