{
    "FFMC": 90.3900016784668,
    "ISI": 7.440000009536747,
    "BUI": 103.839998626709,
    "season": {
        "start_month": 5,
        "start_day": 1,
        "end_month": 8,
        "end_day": 31
    },
    "years": [
        1981,
        1983
    ],
    "station_name": "ZZ BURNT ROSE"
}