{
    "FFMC": 88.4000015258789,
    "ISI": 6.5,
    "BUI": 62.49999847412113,
    "season": {
        "start_month": 5,
        "start_day": 1,
        "end_month": 8,
        "end_day": 31
    },
    "years": [
        1983,
        1984,
        1985,
        1986,
        1987,
        1988,
        1989
    ],
    "station_name": "ZZ GOOD HOPE LAKE"
}