{
    "FFMC": 91.95000076293945,
    "ISI": 9.600000381469727,
    "BUI": 126.3499984741211,
    "season": {
        "start_month": 5,
        "start_day": 1,
        "end_month": 8,
        "end_day": 31
    },
    "years": [
        1992
    ],
    "station_name": "ZZ LIARD PLAIN"
}