{
    "FFMC": 86.7805191040039,
    "ISI": 4.571794700622559,
    "BUI": 77.21162872314451,
    "season": {
        "start_month": 5,
        "start_day": 1,
        "end_month": 8,
        "end_day": 31
    },
    "years": [
        1978,
        2000,
        2001,
        2002,
        2003,
        2004,
        2005,
        2006,
        2007,
        2008,
        2009
    ],
    "station_name": "ZZ SECHELT ORCHARD"
}