{
    "FFMC": 86.4000015258789,
    "ISI": 4.099999904632568,
    "BUI": 72.5999984741211,
    "season": {
        "start_month": 5,
        "start_day": 1,
        "end_month": 8,
        "end_day": 31
    },
    "years": [
        1978,
        1979,
        1980,
        1981,
        1982,
        1983,
        1984,
        1985,
        1986,
        1987,
        1988,
        1989,
        1990,
        1991,
        1992,
        1993,
        1994,
        1995,
        1996,
        1997,
        1998
    ],
    "station_name": "ZZ SECHELT"
}