{
    "FFMC": 90.3000030517578,
    "ISI": 6.199999809265138,
    "BUI": 113.98000030517578,
    "season": {
        "start_month": 5,
        "start_day": 1,
        "end_month": 8,
        "end_day": 31
    },
    "years": [
        1978,
        1979,
        1980,
        1981,
        1982,
        1983,
        1984,
        1985,
        1986,
        1987
    ],
    "station_name": "ZZ KOKSILAH"
}