{
    "FFMC": 88.30000305175781,
    "ISI": 4.900000095367432,
    "BUI": 85.81000061035158,
    "season": {
        "start_month": 5,
        "start_day": 1,
        "end_month": 8,
        "end_day": 31
    },
    "years": [
        1978,
        1979,
        1980,
        1981,
        1982,
        1983,
        1984,
        1985,
        1986,
        1987,
        1988,
        1989,
        1990,
        1991,
        1992
    ],
    "station_name": "ZZ M.B."
}