{
    "FFMC": 88.4000015258789,
    "ISI": 4.699999809265137,
    "BUI": 112.95000076293945,
    "season": {
        "start_month": 5,
        "start_day": 1,
        "end_month": 8,
        "end_day": 31
    },
    "years": [
        1981,
        1982,
        1983,
        1984,
        1985,
        1986,
        1987,
        1988,
        1989,
        1990,
        1991,
        1992,
        1993,
        1995
    ],
    "station_name": "ZZ CAMP"
}