{
    "FFMC": 85.19999694824219,
    "ISI": 3.5,
    "BUI": 31.20000076293945,
    "season": {
        "start_month": 5,
        "start_day": 1,
        "end_month": 8,
        "end_day": 31
    },
    "years": [
        1990,
        1992,
        1993
    ],
    "station_name": "ZZ TOQUART"
}