{
    "FFMC": 83.4000015258789,
    "ISI": 3.159999990463258,
    "BUI": 26.68000030517579,
    "season": {
        "start_month": 5,
        "start_day": 1,
        "end_month": 8,
        "end_day": 31
    },
    "years": [
        1989
    ],
    "station_name": "ZZ UCLUELET"
}