{
    "FFMC": 85.66999740600586,
    "ISI": 3.5,
    "BUI": 41.20000076293945,
    "season": {
        "start_month": 5,
        "start_day": 1,
        "end_month": 8,
        "end_day": 31
    },
    "years": [
        1990,
        1991,
        1992,
        1994
    ],
    "station_name": "ZZ STEWARDSON"
}