{
    "FFMC": 84.8800018310547,
    "ISI": 3.2999999523162837,
    "BUI": 31.47999992370606,
    "season": {
        "start_month": 5,
        "start_day": 1,
        "end_month": 8,
        "end_day": 31
    },
    "years": [
        1989,
        1990,
        1991,
        1992,
        1993,
        1994,
        1995,
        1996,
        1997
    ],
    "station_name": "ZZ BR 304"
}