{
    "FFMC": 85.30000305175781,
    "ISI": 3.7000000476837163,
    "BUI": 37.49000015258789,
    "season": {
        "start_month": 5,
        "start_day": 1,
        "end_month": 8,
        "end_day": 31
    },
    "years": [
        1989,
        1990,
        1991,
        1992,
        1993,
        1994,
        1995,
        1996,
        1997
    ],
    "station_name": "ZZ TM 35"
}