{
    "FFMC": 87.9000015258789,
    "ISI": 5.820000171661381,
    "BUI": 58.44000091552735,
    "season": {
        "start_month": 5,
        "start_day": 1,
        "end_month": 8,
        "end_day": 31
    },
    "years": [
        1989,
        1990,
        1991,
        1992,
        1993,
        1994,
        1995,
        1996,
        1997
    ],
    "station_name": "ZZ SNUG"
}