{
    "FFMC": 84.0,
    "ISI": 3.2000000476837163,
    "BUI": 34.040000152587886,
    "season": {
        "start_month": 5,
        "start_day": 1,
        "end_month": 8,
        "end_day": 31
    },
    "years": [
        1989,
        1990,
        1991,
        1992,
        1993
    ],
    "station_name": "ZZ TSULQUATE"
}