{
    "FFMC": 89.08999862670899,
    "ISI": 5.199999809265137,
    "BUI": 90.24000015258791,
    "season": {
        "start_month": 5,
        "start_day": 1,
        "end_month": 8,
        "end_day": 31
    },
    "years": [
        1990
    ],
    "station_name": "ZZ BEDINGFIELD"
}