{
    "FFMC": 91.0,
    "ISI": 6.5999999046325675,
    "BUI": 134.01000061035157,
    "season": {
        "start_month": 5,
        "start_day": 1,
        "end_month": 8,
        "end_day": 31
    },
    "years": [
        1983,
        1984,
        1985,
        1986,
        1987,
        1988,
        1989,
        1990,
        1991,
        1992,
        1993,
        1994
    ],
    "station_name": "ZZ GOLDSTREAM PARK"
}