{
    "FFMC": 86.5999984741211,
    "ISI": 5.099999904632568,
    "BUI": 50.55999908447266,
    "season": {
        "start_month": 5,
        "start_day": 1,
        "end_month": 8,
        "end_day": 31
    },
    "years": [
        1989,
        1990,
        1991,
        1992,
        1993,
        1994,
        1995,
        1996,
        1997
    ],
    "station_name": "ZZ CYPRE"
}