{
    "FFMC": 90.38000183105468,
    "ISI": 6.300000190734862,
    "BUI": 80.23999938964843,
    "season": {
        "start_month": 5,
        "start_day": 1,
        "end_month": 8,
        "end_day": 31
    },
    "years": [
        1992,
        1993
    ],
    "station_name": "ZZ NOOTKA"
}