{
    "FFMC": 83.38000183105468,
    "ISI": 2.700000047683716,
    "BUI": 43.84000091552735,
    "season": {
        "start_month": 5,
        "start_day": 1,
        "end_month": 8,
        "end_day": 31
    },
    "years": [
        1992,
        1993,
        1994
    ],
    "station_name": "ZZ BRANCH 417"
}