{
    "FFMC": 84.76000061035157,
    "ISI": 3.2000000476837163,
    "BUI": 42.20000076293945,
    "season": {
        "start_month": 5,
        "start_day": 1,
        "end_month": 8,
        "end_day": 31
    },
    "years": [
        1993,
        1995
    ],
    "station_name": "ZZ FORTUNE"
}