{
    "FFMC": 88.0,
    "ISI": 5.400000095367432,
    "BUI": 81.83000259399415,
    "season": {
        "start_month": 5,
        "start_day": 1,
        "end_month": 8,
        "end_day": 31
    },
    "years": [
        1989,
        1990,
        1991,
        1992,
        1993,
        1994,
        1995,
        1996
    ],
    "station_name": "ZZ WHISKEY CREEK"
}