{
    "FFMC": 90.3000030517578,
    "ISI": 7.0,
    "BUI": 126.52000122070314,
    "season": {
        "start_month": 5,
        "start_day": 1,
        "end_month": 8,
        "end_day": 31
    },
    "years": [
        1990
    ],
    "station_name": "ZZ BUTTLE LK"
}