{
    "FFMC": 87.80000305175781,
    "ISI": 5.3612895011901855,
    "BUI": 66.71748504638673,
    "season": {
        "start_month": 5,
        "start_day": 1,
        "end_month": 8,
        "end_day": 31
    },
    "years": [
        1996,
        1997,
        1998
    ],
    "station_name": "ZZ QUADRA ISLAND"
}