{
    "FFMC": 89.80000305175781,
    "ISI": 6.0999999046325675,
    "BUI": 129.51999969482424,
    "season": {
        "start_month": 5,
        "start_day": 1,
        "end_month": 8,
        "end_day": 31
    },
    "years": [
        1983,
        1984,
        1985,
        1986,
        1988
    ],
    "station_name": "ZZ NORTH COWICHAN"
}