{
    "FFMC": 89.95000076293945,
    "ISI": 5.6499998569488525,
    "BUI": 74.75,
    "season": {
        "start_month": 5,
        "start_day": 1,
        "end_month": 8,
        "end_day": 31
    },
    "years": [
        1992,
        1993,
        1994
    ],
    "station_name": "ZZ BOLDUC"
}