{
    "FFMC": 87.30000305175781,
    "ISI": 4.5,
    "BUI": 74.5999984741211,
    "season": {
        "start_month": 5,
        "start_day": 1,
        "end_month": 8,
        "end_day": 31
    },
    "years": [
        1989,
        1990,
        1991,
        1992,
        1993,
        1994,
        1995,
        1996
    ],
    "station_name": "ZZ BUCKLEY M&B BB42"
}