{
    "FFMC": 89.19999694824219,
    "ISI": 6.199999809265138,
    "BUI": 111.1999969482422,
    "season": {
        "start_month": 5,
        "start_day": 1,
        "end_month": 8,
        "end_day": 31
    },
    "years": [
        1990,
        1991,
        1992,
        1993,
        1994
    ],
    "station_name": "ZZ WATERLOO"
}