{
    "FFMC": 86.4000015258789,
    "ISI": 3.309999966621401,
    "BUI": 78.81000289916993,
    "season": {
        "start_month": 5,
        "start_day": 1,
        "end_month": 8,
        "end_day": 31
    },
    "years": [
        1991,
        1992,
        1993,
        1994,
        1995,
        1996,
        1997
    ],
    "station_name": "ZZ HORNBY ISLAND"
}