{
    "FFMC": 85.47000045776367,
    "ISI": 3.900000095367432,
    "BUI": 66.51999740600588,
    "season": {
        "start_month": 5,
        "start_day": 1,
        "end_month": 8,
        "end_day": 31
    },
    "years": [
        1991,
        1992,
        1993,
        1994,
        1995,
        1996,
        1997
    ],
    "station_name": "ZZ GABRIOLA"
}