{
    "FFMC": 92.1999969482422,
    "ISI": 15.310000133514409,
    "BUI": 120.55999755859385,
    "season": {
        "start_month": 5,
        "start_day": 1,
        "end_month": 8,
        "end_day": 31
    },
    "years": [
        1983,
        1984,
        1985,
        1988
    ],
    "station_name": "ZZ CHEMAINUS"
}