{
    "FFMC": 86.5999984741211,
    "ISI": 3.7000000476837163,
    "BUI": 111.27999725341797,
    "season": {
        "start_month": 5,
        "start_day": 1,
        "end_month": 8,
        "end_day": 31
    },
    "years": [
        1994
    ],
    "station_name": "ZZ MAYNE IS."
}