{
    "FFMC": 90.03999938964844,
    "ISI": 7.800000095367435,
    "BUI": 120.16000213623047,
    "season": {
        "start_month": 5,
        "start_day": 1,
        "end_month": 8,
        "end_day": 31
    },
    "years": [
        1990
    ],
    "station_name": "ZZ INDIAN RIVER"
}