{
    "FFMC": 91.32000274658202,
    "ISI": 10.360000228881832,
    "BUI": 74.52000122070312,
    "season": {
        "start_month": 5,
        "start_day": 1,
        "end_month": 8,
        "end_day": 31
    },
    "years": [
        1992,
        1993,
        1994
    ],
    "station_name": "ZZ SOWAQUA"
}