{
    "FFMC": 87.98378829956054,
    "ISI": 5.293661594390869,
    "BUI": 104.00170135498048,
    "season": {
        "start_month": 5,
        "start_day": 1,
        "end_month": 8,
        "end_day": 31
    },
    "years": [
        2001,
        2002
    ],
    "station_name": "ZZ HAIG BASE TEMP"
}