{
    "FFMC": 91.21999969482422,
    "ISI": 6.779999923706057,
    "BUI": 86.42000122070314,
    "season": {
        "start_month": 5,
        "start_day": 1,
        "end_month": 8,
        "end_day": 31
    },
    "years": [
        1991,
        1992,
        1993
    ],
    "station_name": "ZZ SCAR 2"
}