{
    "FFMC": 89.30000305175781,
    "ISI": 5.059999942779544,
    "BUI": 51.55999908447266,
    "season": {
        "start_month": 5,
        "start_day": 1,
        "end_month": 8,
        "end_day": 31
    },
    "years": [
        1991,
        1992,
        1993,
        1994,
        1995
    ],
    "station_name": "ZZ HUNAECHIN"
}