{
    "FFMC": 85.55999908447265,
    "ISI": 4.0299999713897705,
    "BUI": 53.88999977111816,
    "season": {
        "start_month": 5,
        "start_day": 1,
        "end_month": 8,
        "end_day": 31
    },
    "years": [
        1989,
        1992
    ],
    "station_name": "ZZ COLLINS BAY"
}