{
    "FFMC": 85.5999984741211,
    "ISI": 4.099999904632568,
    "BUI": 36.99999847412113,
    "season": {
        "start_month": 5,
        "start_day": 1,
        "end_month": 8,
        "end_day": 31
    },
    "years": [
        1990,
        1991,
        1992,
        1993,
        1994,
        1995
    ],
    "station_name": "ZZ SECURITY BAY"
}