{
    "FFMC": 87.80000305175781,
    "ISI": 4.599999904632568,
    "BUI": 46.359999084472655,
    "season": {
        "start_month": 5,
        "start_day": 1,
        "end_month": 8,
        "end_day": 31
    },
    "years": [
        1990,
        1992,
        1993
    ],
    "station_name": "ZZ KILBELLA BAY"
}