{
    "FFMC": 89.5999984741211,
    "ISI": 6.800000190734862,
    "BUI": 49.89000129699706,
    "season": {
        "start_month": 5,
        "start_day": 1,
        "end_month": 8,
        "end_day": 31
    },
    "years": [
        1990,
        1991,
        1992,
        1993,
        1994,
        1995
    ],
    "station_name": "ZZ CLYAK RIVER"
}