{
    "FFMC": 88.30000305175781,
    "ISI": 5.300000190734863,
    "BUI": 55.29999923706055,
    "season": {
        "start_month": 5,
        "start_day": 1,
        "end_month": 8,
        "end_day": 31
    },
    "years": [
        1990,
        1991,
        1992,
        1993,
        1994
    ],
    "station_name": "ZZ KWATNA"
}