{
    "FFMC": 86.53999938964843,
    "ISI": 3.7999999523162837,
    "BUI": 33.37999954223633,
    "season": {
        "start_month": 5,
        "start_day": 1,
        "end_month": 8,
        "end_day": 31
    },
    "years": [
        1990,
        1991,
        1992,
        1993,
        1994,
        1995
    ],
    "station_name": "ZZ DOC CREEK"
}