{
    "FFMC": 85.79000244140624,
    "ISI": 3.0,
    "BUI": 83.80000305175781,
    "season": {
        "start_month": 5,
        "start_day": 1,
        "end_month": 8,
        "end_day": 31
    },
    "years": [
        1990,
        1991
    ],
    "station_name": "ZZ 52.4 IN THE WALL"
}