{
    "FFMC": 87.51999969482422,
    "ISI": 4.420000076293944,
    "BUI": 31.620000457763673,
    "season": {
        "start_month": 5,
        "start_day": 1,
        "end_month": 8,
        "end_day": 31
    },
    "years": [
        1992,
        1993,
        1994,
        1995
    ],
    "station_name": "ZZ JENNY INLET"
}