{
    "FFMC": 85.4000015258789,
    "ISI": 5.059999942779544,
    "BUI": 29.10000038146973,
    "season": {
        "start_month": 5,
        "start_day": 1,
        "end_month": 8,
        "end_day": 31
    },
    "years": [
        1992,
        1993
    ],
    "station_name": "ZZ TWIN CREEKS"
}