{
    "FFMC": 86.30000305175781,
    "ISI": 3.2000000476837163,
    "BUI": 147.0999984741211,
    "season": {
        "start_month": 5,
        "start_day": 1,
        "end_month": 8,
        "end_day": 31
    },
    "years": [
        1987,
        1988
    ],
    "station_name": "ZZ GALIANO"
}