{
    "FFMC": 84.03999938964844,
    "ISI": 3.580000066757203,
    "BUI": 45.73999938964844,
    "season": {
        "start_month": 5,
        "start_day": 1,
        "end_month": 8,
        "end_day": 31
    },
    "years": [
        1992
    ],
    "station_name": "ZZ MAYER LAKE"
}