{
    "FFMC": 86.80000305175781,
    "ISI": 3.7999999523162837,
    "BUI": 52.9000015258789,
    "season": {
        "start_month": 5,
        "start_day": 1,
        "end_month": 8,
        "end_day": 31
    },
    "years": [
        1992,
        1993,
        1994,
        1995
    ],
    "station_name": "ZZ SCOTIA RIVER"
}