{
    "FFMC": 87.30000305175781,
    "ISI": 6.839999866485612,
    "BUI": 47.36000061035158,
    "season": {
        "start_month": 5,
        "start_day": 1,
        "end_month": 8,
        "end_day": 31
    },
    "years": [
        1993,
        1995
    ],
    "station_name": "ZZ PARIL RIVER"
}