{
    "FFMC": 86.73999938964845,
    "ISI": 3.7000000476837163,
    "BUI": 31.92000007629395,
    "season": {
        "start_month": 5,
        "start_day": 1,
        "end_month": 8,
        "end_day": 31
    },
    "years": [
        1993
    ],
    "station_name": "ZZ WOLVERINE"
}