{
    "FFMC": 85.03999938964844,
    "ISI": 4.079999923706056,
    "BUI": 31.22000007629395,
    "season": {
        "start_month": 5,
        "start_day": 1,
        "end_month": 8,
        "end_day": 31
    },
    "years": [
        1994
    ],
    "station_name": "ZZ TRIUMPH BAY"
}