{
    "FFMC": 79.57999877929687,
    "ISI": 1.4599999904632563,
    "BUI": 11.800000190734865,
    "season": {
        "start_month": 5,
        "start_day": 1,
        "end_month": 8,
        "end_day": 31
    },
    "years": [
        1994
    ],
    "station_name": "ZZ CHUTE LAKE"
}