{
    "FFMC": 89.80000305175781,
    "ISI": 7.5999999046325675,
    "BUI": 64.90000152587889,
    "season": {
        "start_month": 5,
        "start_day": 1,
        "end_month": 8,
        "end_day": 31
    },
    "years": [
        1990,
        1991,
        1992,
        1994,
        1995
    ],
    "station_name": "ZZ NEECHANZ"
}