{
    "FFMC": 88.66999740600586,
    "ISI": 5.599999904632568,
    "BUI": 74.27000122070314,
    "season": {
        "start_month": 5,
        "start_day": 1,
        "end_month": 8,
        "end_day": 31
    },
    "years": [
        1990,
        1991,
        1992,
        1993,
        1994,
        1995
    ],
    "station_name": "ZZ SHEEMAHANT"
}