{
    "FFMC": 89.80000305175781,
    "ISI": 10.5,
    "BUI": 97.33999938964844,
    "season": {
        "start_month": 5,
        "start_day": 1,
        "end_month": 8,
        "end_day": 31
    },
    "years": [
        1990,
        1991,
        1992,
        1993,
        1994
    ],
    "station_name": "ZZ BELLA COOLA TEMP"
}