{
    "FFMC": 92.68000183105468,
    "ISI": 10.379999923706054,
    "BUI": 126.11999816894532,
    "season": {
        "start_month": 5,
        "start_day": 1,
        "end_month": 8,
        "end_day": 31
    },
    "years": [
        1992
    ],
    "station_name": "ZZ NUSATSUM"
}