{
    "FFMC": 87.10000000000001,
    "ISI": 3.1799999713897726,
    "BUI": 32.25999984741213,
    "season": {
        "start_month": 5,
        "start_day": 1,
        "end_month": 8,
        "end_day": 31
    },
    "years": [
        1993,
        1995
    ],
    "station_name": "ZZ WESTSIDE"
}