{
    "FFMC": 90.0999984741211,
    "ISI": 7.5999999046325675,
    "BUI": 86.10999832153321,
    "season": {
        "start_month": 5,
        "start_day": 1,
        "end_month": 8,
        "end_day": 31
    },
    "years": [
        1989,
        1990,
        1991,
        1992,
        1993,
        1994,
        1995,
        1998
    ],
    "station_name": "ZZ KITIMAT R"
}