{
    "FFMC": 88.5999984741211,
    "ISI": 5.460000038146975,
    "BUI": 40.730000305175786,
    "season": {
        "start_month": 5,
        "start_day": 1,
        "end_month": 8,
        "end_day": 31
    },
    "years": [
        1991,
        1992,
        1993,
        1994
    ],
    "station_name": "ZZ KILDALA"
}