{
    "FFMC": 89.04999923706055,
    "ISI": 6.1499998569488525,
    "BUI": 66.69999694824219,
    "season": {
        "start_month": 5,
        "start_day": 1,
        "end_month": 8,
        "end_day": 31
    },
    "years": [
        1990,
        1991,
        1993,
        1994
    ],
    "station_name": "ZZ WILLOW CREEK"
}