{
    "FFMC": 88.5,
    "ISI": 4.199999809265137,
    "BUI": 42.84999923706057,
    "season": {
        "start_month": 5,
        "start_day": 1,
        "end_month": 8,
        "end_day": 31
    },
    "years": [
        1990,
        1991
    ],
    "station_name": "ZZ BRONSON CREEK"
}