{
    "FFMC": 90.5000030517578,
    "ISI": 8.640000152587893,
    "BUI": 160.93999938964845,
    "season": {
        "start_month": 5,
        "start_day": 1,
        "end_month": 8,
        "end_day": 31
    },
    "years": [
        1991,
        1992,
        1994
    ],
    "station_name": "ZZ TODAGIN"
}