{
    "FFMC": 89.5,
    "ISI": 7.470000028610234,
    "BUI": 72.63999786376954,
    "season": {
        "start_month": 5,
        "start_day": 1,
        "end_month": 8,
        "end_day": 31
    },
    "years": [
        1989,
        1990,
        1991,
        1992,
        1993,
        1994,
        1995
    ],
    "station_name": "ZZ RAINBOW"
}