{
    "FFMC": 89.30000305175781,
    "ISI": 12.100000381469727,
    "BUI": 78.5999984741211,
    "season": {
        "start_month": 5,
        "start_day": 1,
        "end_month": 8,
        "end_day": 31
    },
    "years": [
        1989,
        1990,
        1991,
        1992,
        1993,
        1994,
        1995
    ],
    "station_name": "ZZ PETITOT"
}