{
    "FFMC": 90.4000015258789,
    "ISI": 8.63000030517579,
    "BUI": 84.24999847412113,
    "season": {
        "start_month": 5,
        "start_day": 1,
        "end_month": 8,
        "end_day": 31
    },
    "years": [
        1990,
        1991,
        1992
    ],
    "station_name": "ZZ CCMC1"
}