{
    "FFMC": 88.90387878417968,
    "ISI": 4.599999904632568,
    "BUI": 105.2400016784668,
    "season": {
        "start_month": 5,
        "start_day": 1,
        "end_month": 8,
        "end_day": 31
    },
    "years": [
        1989,
        1990,
        1991,
        1992,
        1993,
        1994,
        1995,
        1996,
        1997,
        1998,
        1999,
        2000
    ],
    "station_name": "ZZ SALTSPRING"
}