{
    "FFMC": 90.5,
    "ISI": 7.0999999046325675,
    "BUI": 101.1999969482422,
    "season": {
        "start_month": 5,
        "start_day": 1,
        "end_month": 8,
        "end_day": 31
    },
    "years": [
        1991,
        1994,
        1995
    ],
    "station_name": "ZZ MOBERLY"
}