{
    "FFMC": 91.0,
    "ISI": 8.169999980926514,
    "BUI": 132.18000030517575,
    "season": {
        "start_month": 5,
        "start_day": 1,
        "end_month": 8,
        "end_day": 31
    },
    "years": [
        1989,
        1990,
        1991,
        1992,
        1993
    ],
    "station_name": "ZZ MESILINKA"
}