{
    "FFMC": 90.5999984741211,
    "ISI": 8.800000190734863,
    "BUI": 86.43000106811525,
    "season": {
        "start_month": 5,
        "start_day": 1,
        "end_month": 8,
        "end_day": 31
    },
    "years": [
        1989,
        1990,
        1991,
        1992,
        1993,
        1994,
        1995,
        1996,
        1997
    ],
    "station_name": "ZZ PHILIP"
}