{
    "FFMC": 90.3000030517578,
    "ISI": 7.199999809265138,
    "BUI": 92.64000091552732,
    "season": {
        "start_month": 5,
        "start_day": 1,
        "end_month": 8,
        "end_day": 31
    },
    "years": [
        1989,
        1990,
        1991,
        1992,
        1993,
        1994,
        1995
    ],
    "station_name": "ZZ BLACKWATER"
}