{
    "FFMC": 90.6999969482422,
    "ISI": 9.5,
    "BUI": 93.4000015258789,
    "season": {
        "start_month": 5,
        "start_day": 1,
        "end_month": 8,
        "end_day": 31
    },
    "years": [
        1989,
        1990,
        1991,
        1992,
        1993,
        1994,
        1995
    ],
    "station_name": "ZZ RUPERT"
}