{
    "FFMC": 92.4000015258789,
    "ISI": 9.080000305175782,
    "BUI": 120.83000106811524,
    "season": {
        "start_month": 5,
        "start_day": 1,
        "end_month": 8,
        "end_day": 31
    },
    "years": [
        1989,
        1990,
        1994,
        1995
    ],
    "station_name": "ZZ OSILINKA"
}