{
    "FFMC": 88.93000106811523,
    "ISI": 5.800000190734862,
    "BUI": 63.89999847412111,
    "season": {
        "start_month": 5,
        "start_day": 1,
        "end_month": 8,
        "end_day": 31
    },
    "years": [
        1992,
        1993,
        1994,
        1995,
        1996
    ],
    "station_name": "ZZ SAKENICHE"
}