{
    "FFMC": 90.5,
    "ISI": 7.699999809265138,
    "BUI": 95.42000122070313,
    "season": {
        "start_month": 5,
        "start_day": 1,
        "end_month": 8,
        "end_day": 31
    },
    "years": [
        1992,
        1993,
        1994,
        1995,
        1996
    ],
    "station_name": "ZZ TAKATOOT"
}