{
    "FFMC": 90.3100028991699,
    "ISI": 7.4100000858306885,
    "BUI": 92.30999755859375,
    "season": {
        "start_month": 5,
        "start_day": 1,
        "end_month": 8,
        "end_day": 31
    },
    "years": [
        1990,
        1993,
        1994
    ],
    "station_name": "ZZ SALMON"
}