{
    "FFMC": 89.69999694824219,
    "ISI": 6.9000000953674325,
    "BUI": 81.71999816894531,
    "season": {
        "start_month": 5,
        "start_day": 1,
        "end_month": 8,
        "end_day": 31
    },
    "years": [
        1992,
        1993,
        1994,
        1995,
        1996
    ],
    "station_name": "ZZ INZANA EAST"
}