{
    "FFMC": 92.14999771118164,
    "ISI": 9.550000190734863,
    "BUI": 84.75,
    "season": {
        "start_month": 5,
        "start_day": 1,
        "end_month": 8,
        "end_day": 31
    },
    "years": [
        1992,
        1993,
        1994,
        1995
    ],
    "station_name": "ZZ SLL"
}