{
    "FFMC": 90.1999969482422,
    "ISI": 7.0999999046325675,
    "BUI": 92.03999786376957,
    "season": {
        "start_month": 5,
        "start_day": 1,
        "end_month": 8,
        "end_day": 31
    },
    "years": [
        1992,
        1993,
        1994,
        1995,
        1996
    ],
    "station_name": "ZZ RIKKI"
}