{
    "FFMC": 88.0999984741211,
    "ISI": 5.87000012397766,
    "BUI": 67.78000106811523,
    "season": {
        "start_month": 5,
        "start_day": 1,
        "end_month": 8,
        "end_day": 31
    },
    "years": [
        1993,
        1994,
        1995,
        1996
    ],
    "station_name": "ZZ CHUIUS"
}