{
    "FFMC": 90.5,
    "ISI": 6.880000066757209,
    "BUI": 120.14000167846689,
    "season": {
        "start_month": 5,
        "start_day": 1,
        "end_month": 8,
        "end_day": 31
    },
    "years": [
        1992,
        1993,
        1994,
        1995
    ],
    "station_name": "ZZ COLLINS CK"
}