{
    "FFMC": 90.4000015258789,
    "ISI": 5.990000009536744,
    "BUI": 85.4599998474121,
    "season": {
        "start_month": 5,
        "start_day": 1,
        "end_month": 8,
        "end_day": 31
    },
    "years": [
        1993,
        1994
    ],
    "station_name": "ZZ NAKALAT"
}