{
    "FFMC": 89.88000183105468,
    "ISI": 7.360000038146973,
    "BUI": 61.77999954223632,
    "season": {
        "start_month": 5,
        "start_day": 1,
        "end_month": 8,
        "end_day": 31
    },
    "years": [
        1994,
        1995
    ],
    "station_name": "ZZ CHUNAMON"
}