{
    "FFMC": 90.1999969482422,
    "ISI": 6.699999809265138,
    "BUI": 61.02000007629395,
    "season": {
        "start_month": 5,
        "start_day": 1,
        "end_month": 8,
        "end_day": 31
    },
    "years": [
        1994,
        1995
    ],
    "station_name": "ZZ CLEARWATER CREEK"
}