{
    "FFMC": 90.5999984741211,
    "ISI": 8.199999809265138,
    "BUI": 81.77000274658202,
    "season": {
        "start_month": 5,
        "start_day": 1,
        "end_month": 8,
        "end_day": 31
    },
    "years": [
        1989,
        1990,
        1991,
        1992,
        1993
    ],
    "station_name": "ZZ SILVERN CREEK"
}