{
    "FFMC": 90.6999969482422,
    "ISI": 7.5,
    "BUI": 98.92000274658204,
    "season": {
        "start_month": 5,
        "start_day": 1,
        "end_month": 8,
        "end_day": 31
    },
    "years": [
        1987,
        1988,
        1989,
        1990,
        1991,
        1992,
        1993,
        1994
    ],
    "station_name": "ZZ BABINE CAMP"
}