{
    "FFMC": 90.9000015258789,
    "ISI": 6.810000181198122,
    "BUI": 87.1800010681153,
    "season": {
        "start_month": 5,
        "start_day": 1,
        "end_month": 8,
        "end_day": 31
    },
    "years": [
        1989,
        1990,
        1991,
        1992,
        1993,
        1994,
        1995
    ],
    "station_name": "ZZ DECKER LAKE"
}