{
    "FFMC": 88.22999725341798,
    "ISI": 5.410000085830689,
    "BUI": 92.28999862670901,
    "season": {
        "start_month": 5,
        "start_day": 1,
        "end_month": 8,
        "end_day": 31
    },
    "years": [
        1989
    ],
    "station_name": "ZZ PINKUT LAKE"
}