{
    "FFMC": 90.3000030517578,
    "ISI": 7.940000057220457,
    "BUI": 67.80000305175781,
    "season": {
        "start_month": 5,
        "start_day": 1,
        "end_month": 8,
        "end_day": 31
    },
    "years": [
        1990,
        1991,
        1993,
        1994,
        1995,
        1996
    ],
    "station_name": "ZZ CORKSCREW"
}