{
    "FFMC": 90.5999984741211,
    "ISI": 9.399999618530273,
    "BUI": 89.47999801635741,
    "season": {
        "start_month": 5,
        "start_day": 1,
        "end_month": 8,
        "end_day": 31
    },
    "years": [
        1990,
        1991,
        1992,
        1993,
        1995
    ],
    "station_name": "ZZ MALAPUT"
}