{
    "FFMC": 89.19999694824219,
    "ISI": 6.840000009536745,
    "BUI": 97.1999984741211,
    "season": {
        "start_month": 5,
        "start_day": 1,
        "end_month": 8,
        "end_day": 31
    },
    "years": [
        1990
    ],
    "station_name": "ZZ KEC CREEK"
}