{
    "FFMC": 89.53999938964843,
    "ISI": 7.569999933242796,
    "BUI": 75.45999832153319,
    "season": {
        "start_month": 5,
        "start_day": 1,
        "end_month": 8,
        "end_day": 31
    },
    "years": [
        1990,
        1991,
        1994,
        1995,
        1996,
        1997
    ],
    "station_name": "ZZ FRANK LAKE"
}