{
    "FFMC": 92.76000061035157,
    "ISI": 8.5,
    "BUI": 99.20000152587892,
    "season": {
        "start_month": 5,
        "start_day": 1,
        "end_month": 8,
        "end_day": 31
    },
    "years": [
        1990,
        1991,
        1992,
        1993,
        1994,
        1996,
        1997
    ],
    "station_name": "ZZ BENTZI"
}