{
    "FFMC": 90.28000183105468,
    "ISI": 7.079999923706054,
    "BUI": 88.43999938964843,
    "season": {
        "start_month": 5,
        "start_day": 1,
        "end_month": 8,
        "end_day": 31
    },
    "years": [
        1990,
        1991
    ],
    "station_name": "ZZ JIM SMITH POINT"
}