{
    "FFMC": 90.9000015258789,
    "ISI": 8.25,
    "BUI": 72.8499984741211,
    "season": {
        "start_month": 5,
        "start_day": 1,
        "end_month": 8,
        "end_day": 31
    },
    "years": [
        1990,
        1991,
        1992,
        1993,
        1994,
        1995,
        1999
    ],
    "station_name": "ZZ BULKLEY TEST"
}