{
    "FFMC": 88.75,
    "ISI": 6.3500001430511475,
    "BUI": 66.65000152587889,
    "season": {
        "start_month": 5,
        "start_day": 1,
        "end_month": 8,
        "end_day": 31
    },
    "years": [
        1991
    ],
    "station_name": "ZZ OOTSA"
}