{
    "FFMC": 92.82000274658202,
    "ISI": 10.779999923706056,
    "BUI": 116.45999755859377,
    "season": {
        "start_month": 5,
        "start_day": 1,
        "end_month": 8,
        "end_day": 31
    },
    "years": [
        1992
    ],
    "station_name": "ZZ KNEWSTUBB"
}