{
    "FFMC": 91.04999923706055,
    "ISI": 7.8500001430511475,
    "BUI": 63.5,
    "season": {
        "start_month": 5,
        "start_day": 1,
        "end_month": 8,
        "end_day": 31
    },
    "years": [
        1992,
        1993
    ],
    "station_name": "ZZ L&M BURN"
}