{
    "FFMC": 89.80000305175781,
    "ISI": 6.199999809265138,
    "BUI": 115.8400001525879,
    "season": {
        "start_month": 5,
        "start_day": 1,
        "end_month": 8,
        "end_day": 31
    },
    "years": [
        1991,
        1992,
        1993
    ],
    "station_name": "ZZ HOLMES NORTHWEST"
}