{
    "FFMC": 90.57999877929687,
    "ISI": 7.469999980926516,
    "BUI": 143.98000335693362,
    "season": {
        "start_month": 5,
        "start_day": 1,
        "end_month": 8,
        "end_day": 31
    },
    "years": [
        1992,
        1993
    ],
    "station_name": "ZZ REGEN CK"
}