{
    "FFMC": 89.13999786376954,
    "ISI": 4.599999904632568,
    "BUI": 63.140000915527345,
    "season": {
        "start_month": 5,
        "start_day": 1,
        "end_month": 8,
        "end_day": 31
    },
    "years": [
        1993,
        1994,
        1995
    ],
    "station_name": "ZZ MORRISON"
}