{
    "FFMC": 88.0,
    "ISI": 5.270000076293947,
    "BUI": 50.769998931884786,
    "season": {
        "start_month": 5,
        "start_day": 1,
        "end_month": 8,
        "end_day": 31
    },
    "years": [
        1993,
        1994
    ],
    "station_name": "ZZ TOCHCHA"
}