{
    "FFMC": 87.37000198364258,
    "ISI": 4.270000076293947,
    "BUI": 50.9499984741211,
    "season": {
        "start_month": 5,
        "start_day": 1,
        "end_month": 8,
        "end_day": 31
    },
    "years": [
        1993,
        1994
    ],
    "station_name": "ZZ KLO"
}