{
    "FFMC": 88.7400016784668,
    "ISI": 4.639999866485599,
    "BUI": 87.01999740600587,
    "season": {
        "start_month": 5,
        "start_day": 1,
        "end_month": 8,
        "end_day": 31
    },
    "years": [
        1993,
        1994
    ],
    "station_name": "ZZ PARROTT"
}