{
    "FFMC": 87.06999893188477,
    "ISI": 3.3700000524520894,
    "BUI": 63.509998703002935,
    "season": {
        "start_month": 5,
        "start_day": 1,
        "end_month": 8,
        "end_day": 31
    },
    "years": [
        1993,
        1994
    ],
    "station_name": "ZZ EMERSON"
}