{
    "FFMC": 89.69999694824219,
    "ISI": 5.6399998664856,
    "BUI": 72.06999893188477,
    "season": {
        "start_month": 5,
        "start_day": 1,
        "end_month": 8,
        "end_day": 31
    },
    "years": [
        1993,
        1994
    ],
    "station_name": "ZZ TOMMY"
}