{
    "FFMC": 90.65999755859376,
    "ISI": 5.15999984741211,
    "BUI": 78.24000091552738,
    "season": {
        "start_month": 5,
        "start_day": 1,
        "end_month": 8,
        "end_day": 31
    },
    "years": [
        1993,
        1994
    ],
    "station_name": "ZZ CHISHOLM"
}