{
    "FFMC": 89.19999694824219,
    "ISI": 5.5,
    "BUI": 79.30000305175781,
    "season": {
        "start_month": 5,
        "start_day": 1,
        "end_month": 8,
        "end_day": 31
    },
    "years": [
        1993,
        1994
    ],
    "station_name": "ZZ GOSSNELL"
}