{
    "FFMC": 90.20000076293945,
    "ISI": 5.400000095367432,
    "BUI": 125.5999984741211,
    "season": {
        "start_month": 5,
        "start_day": 1,
        "end_month": 8,
        "end_day": 31
    },
    "years": [
        1993,
        1994,
        1995
    ],
    "station_name": "ZZ THATSA"
}