{
    "FFMC": 91.4000015258789,
    "ISI": 8.060000228881838,
    "BUI": 86.22000122070314,
    "season": {
        "start_month": 5,
        "start_day": 1,
        "end_month": 8,
        "end_day": 31
    },
    "years": [
        1994,
        1995,
        1996
    ],
    "station_name": "ZZ KENNY DAM"
}