{
    "FFMC": 87.4000015258789,
    "ISI": 4.099999904632568,
    "BUI": 58.970000457763675,
    "season": {
        "start_month": 5,
        "start_day": 1,
        "end_month": 8,
        "end_day": 31
    },
    "years": [
        1973,
        1974,
        1975,
        1976,
        1977,
        1978,
        1979,
        1980,
        1981,
        1982,
        1983,
        1984,
        1985,
        1986,
        1987,
        1988
    ],
    "station_name": "ZZ GROUSE"
}