{
    "FFMC": 88.30000305175781,
    "ISI": 5.579999923706055,
    "BUI": 61.71999969482421,
    "season": {
        "start_month": 5,
        "start_day": 1,
        "end_month": 8,
        "end_day": 31
    },
    "years": [
        1993,
        1994
    ],
    "station_name": "ZZ BYMAN LAKE"
}