{
    "FFMC": 87.06999893188477,
    "ISI": 5.669999837875367,
    "BUI": 42.190001296997075,
    "season": {
        "start_month": 5,
        "start_day": 1,
        "end_month": 8,
        "end_day": 31
    },
    "years": [
        1994
    ],
    "station_name": "ZZ BLUNT CREEK"
}