{
    "FFMC": 86.62999801635742,
    "ISI": 4.159999990463258,
    "BUI": 70.36999893188478,
    "season": {
        "start_month": 5,
        "start_day": 1,
        "end_month": 8,
        "end_day": 31
    },
    "years": [
        1994
    ],
    "station_name": "ZZ THOM FIRE"
}