{
    "FFMC": 90.50314559936524,
    "ISI": 6.934343624114991,
    "BUI": 83.83473815917971,
    "season": {
        "start_month": 5,
        "start_day": 1,
        "end_month": 8,
        "end_day": 31
    },
    "years": [
        1996,
        1997,
        1998
    ],
    "station_name": "ZZ TETACHUK LK."
}