{
    "FFMC": 89.69999694824219,
    "ISI": 6.939999961853031,
    "BUI": 66.8799987792969,
    "season": {
        "start_month": 5,
        "start_day": 1,
        "end_month": 8,
        "end_day": 31
    },
    "years": [
        1989,
        1990
    ],
    "station_name": "ZZ UMITI DR1"
}