{
    "FFMC": 90.4000015258789,
    "ISI": 7.440000057220456,
    "BUI": 60.20999946594238,
    "season": {
        "start_month": 5,
        "start_day": 1,
        "end_month": 8,
        "end_day": 31
    },
    "years": [
        1991,
        1992,
        1993,
        1994
    ],
    "station_name": "ZZ MASK"
}