{
    "FFMC": 91.5999984741211,
    "ISI": 7.1499998569488525,
    "BUI": 74.29999923706055,
    "season": {
        "start_month": 5,
        "start_day": 1,
        "end_month": 8,
        "end_day": 31
    },
    "years": [
        1991,
        1992
    ],
    "station_name": "ZZ MORKILL"
}