{
    "FFMC": 91.5999984741211,
    "ISI": 8.34000015258789,
    "BUI": 65.70000305175782,
    "season": {
        "start_month": 5,
        "start_day": 1,
        "end_month": 8,
        "end_day": 31
    },
    "years": [
        1994
    ],
    "station_name": "ZZ PTARMIGAN"
}