{
    "FFMC": 90.9000015258789,
    "ISI": 7.800000190734862,
    "BUI": 105.0,
    "season": {
        "start_month": 5,
        "start_day": 1,
        "end_month": 8,
        "end_day": 31
    },
    "years": [
        1989,
        1990,
        1991,
        1992
    ],
    "station_name": "ZZ SHELFORD"
}