{
    "FFMC": 91.5999984741211,
    "ISI": 11.399999618530273,
    "BUI": 109.6999969482422,
    "season": {
        "start_month": 5,
        "start_day": 1,
        "end_month": 8,
        "end_day": 31
    },
    "years": [
        1990,
        1991,
        1992
    ],
    "station_name": "ZZ TASEKO"
}