{
    "FFMC": 91.55999908447266,
    "ISI": 9.119999885559084,
    "BUI": 88.52000122070314,
    "season": {
        "start_month": 5,
        "start_day": 1,
        "end_month": 8,
        "end_day": 31
    },
    "years": [
        1990
    ],
    "station_name": "ZZ BIG STICK"
}