{
    "FFMC": 91.1999969482422,
    "ISI": 7.0,
    "BUI": 90.3000030517578,
    "season": {
        "start_month": 5,
        "start_day": 1,
        "end_month": 8,
        "end_day": 31
    },
    "years": [
        1991,
        1992,
        1993,
        1994
    ],
    "station_name": "ZZ PELICAN"
}