{
    "FFMC": 91.4000015258789,
    "ISI": 8.399999618530272,
    "BUI": 78.78000183105469,
    "season": {
        "start_month": 5,
        "start_day": 1,
        "end_month": 8,
        "end_day": 31
    },
    "years": [
        1993,
        1994
    ],
    "station_name": "ZZ UMITI"
}