{
    "FFMC": 88.17999725341797,
    "ISI": 5.699999809265138,
    "BUI": 49.870001220703124,
    "season": {
        "start_month": 5,
        "start_day": 1,
        "end_month": 8,
        "end_day": 31
    },
    "years": [
        1993
    ],
    "station_name": "ZZ TFL #5"
}