{
    "FFMC": 85.45000305175782,
    "ISI": 4.129999876022339,
    "BUI": 24.03000011444092,
    "season": {
        "start_month": 5,
        "start_day": 1,
        "end_month": 8,
        "end_day": 31
    },
    "years": [
        1993,
        1994
    ],
    "station_name": "ZZ TFL MACKENZIE"
}