{
    "FFMC": 87.5999984741211,
    "ISI": 5.909496498107913,
    "BUI": 33.7350154876709,
    "season": {
        "start_month": 5,
        "start_day": 1,
        "end_month": 8,
        "end_day": 31
    },
    "years": [
        1993,
        1994,
        1995,
        1996,
        1997,
        1998,
        1999,
        2000
    ],
    "station_name": "ZZ PUN (RESEARCH)"
}