{
    "FFMC": 90.14999771118164,
    "ISI": 4.863868618011474,
    "BUI": 72.1000030517578,
    "season": {
        "start_month": 5,
        "start_day": 1,
        "end_month": 8,
        "end_day": 31
    },
    "years": [
        1994,
        1995,
        1999
    ],
    "station_name": "ZZ BOWRON PARK"
}