{
    "ffmc": 90.91147232055664,
    "isi": 8.521274375915528,
    "bui": 94.88523406982422,
    "season": {
        "start_month": 5,
        "start_day": 1,
        "end_month": 8,
        "end_day": 31
    },
    "years": [
        2002,
        2003,
        2004,
        2005,
        2006,
        2007,
        2008,
        2009,
        2010,
        2011,
        2012,
        2013,
        2014,
        2015,
        2016,
        2017,
        2018,
        2019
    ],
    "station": {
        "code": "67",
        "name": "HAIG CAMP"
    }
}