{
    "FFMC": 96.78000259399413,
    "ISI": 17.580000305175783,
    "BUI": 145.36999664306643,
    "season": {
        "start_month": 5,
        "start_day": 1,
        "end_month": 8,
        "end_day": 31
    },
    "years": [
        1997,
        1998,
        1999
    ],
    "station_name": "ZZ SAN JOSE"
}