{
    "FFMC": 90.5,
    "ISI": 7.5999999046325675,
    "BUI": 76.74999999999999,
    "season": {
        "start_month": 5,
        "start_day": 1,
        "end_month": 8,
        "end_day": 31
    },
    "years": [
        1989,
        1990
    ],
    "station_name": "ZZ TFL5"
}