{
    "FFMC": 90.27000274658202,
    "ISI": 5.980000019073487,
    "BUI": 44.11000061035157,
    "season": {
        "start_month": 5,
        "start_day": 1,
        "end_month": 8,
        "end_day": 31
    },
    "years": [
        1989
    ],
    "station_name": "ZZ MAURY CREEK"
}