{
    "FFMC": 89.20000076293945,
    "ISI": 5.049999952316284,
    "BUI": 34.25,
    "season": {
        "start_month": 5,
        "start_day": 1,
        "end_month": 8,
        "end_day": 31
    },
    "years": [
        1989
    ],
    "station_name": "ZZ MARTIN CREEK"
}