{
    "FFMC": 89.80000305175781,
    "ISI": 7.699999809265138,
    "BUI": 62.87000122070311,
    "season": {
        "start_month": 5,
        "start_day": 1,
        "end_month": 8,
        "end_day": 31
    },
    "years": [
        1989,
        1990,
        1991,
        1992,
        1993,
        1994
    ],
    "station_name": "ZZ MOFFAT"
}