{
    "FFMC": 90.44000091552735,
    "ISI": 8.040000152587892,
    "BUI": 72.97999877929689,
    "season": {
        "start_month": 5,
        "start_day": 1,
        "end_month": 8,
        "end_day": 31
    },
    "years": [
        1989,
        1990,
        1991
    ],
    "station_name": "ZZ HENDRIX MTN"
}