{
    "FFMC": 90.8000030517578,
    "ISI": 7.4000000953674325,
    "BUI": 74.55999908447266,
    "season": {
        "start_month": 5,
        "start_day": 1,
        "end_month": 8,
        "end_day": 31
    },
    "years": [
        1989,
        1990,
        1991,
        1992
    ],
    "station_name": "ZZ SCOT LAKE"
}