{
    "FFMC": 90.5,
    "ISI": 7.9000000953674325,
    "BUI": 78.6099983215332,
    "season": {
        "start_month": 5,
        "start_day": 1,
        "end_month": 8,
        "end_day": 31
    },
    "years": [
        1978,
        1979,
        1980,
        1981,
        1982,
        1983,
        1984,
        1985,
        1986,
        1987,
        1988,
        1989,
        1990,
        1991,
        1992,
        1993,
        1994,
        1995,
        1996,
        1997,
        1998
    ],
    "station_name": "ZZ PINE"
}