{
    "FFMC": 89.6500015258789,
    "ISI": 7.8500001430511475,
    "BUI": 33.60000038146973,
    "season": {
        "start_month": 5,
        "start_day": 1,
        "end_month": 8,
        "end_day": 31
    },
    "years": [
        1989,
        1990
    ],
    "station_name": "ZZ HENDRIX LK"
}