{
    "FFMC": 88.82000274658203,
    "ISI": 5.340000152587894,
    "BUI": 46.71999969482424,
    "season": {
        "start_month": 5,
        "start_day": 1,
        "end_month": 8,
        "end_day": 31
    },
    "years": [
        1989,
        1990
    ],
    "station_name": "ZZ GRAFFUNDER LAKES"
}