{
    "FFMC": 91.6000030517578,
    "ISI": 7.879999923706054,
    "BUI": 102.91999816894531,
    "season": {
        "start_month": 5,
        "start_day": 1,
        "end_month": 8,
        "end_day": 31
    },
    "years": [
        1989,
        1990,
        1991
    ],
    "station_name": "ZZ SPANISH"
}