{
    "FFMC": 90.6999969482422,
    "ISI": 8.579999732971189,
    "BUI": 54.16000099182128,
    "season": {
        "start_month": 5,
        "start_day": 1,
        "end_month": 8,
        "end_day": 31
    },
    "years": [
        1990,
        1991
    ],
    "station_name": "ZZ MOIRA LAKE"
}