{
    "FFMC": 90.91000137329101,
    "ISI": 7.709999847412109,
    "BUI": 54.14999847412109,
    "season": {
        "start_month": 5,
        "start_day": 1,
        "end_month": 8,
        "end_day": 31
    },
    "years": [
        1991,
        1992
    ],
    "station_name": "ZZ KELLINGTON"
}