{
    "FFMC": 92.15999755859376,
    "ISI": 9.959999847412108,
    "BUI": 102.38000030517576,
    "season": {
        "start_month": 5,
        "start_day": 1,
        "end_month": 8,
        "end_day": 31
    },
    "years": [
        1991,
        1992
    ],
    "station_name": "ZZ MILBURN"
}