{
    "FFMC": 87.74000244140625,
    "ISI": 3.5799999237060542,
    "BUI": 25.299999618530272,
    "season": {
        "start_month": 5,
        "start_day": 1,
        "end_month": 8,
        "end_day": 31
    },
    "years": [
        1991
    ],
    "station_name": "ZZ CRUISER"
}