{
    "FFMC": 89.4000015258789,
    "ISI": 6.800000190734862,
    "BUI": 43.30000114440918,
    "season": {
        "start_month": 5,
        "start_day": 1,
        "end_month": 8,
        "end_day": 31
    },
    "years": [
        1991,
        1992
    ],
    "station_name": "ZZ GAVIN DR1"
}