{
    "FFMC": 89.45000076293945,
    "ISI": 6.199999809265138,
    "BUI": 48.39999961853027,
    "season": {
        "start_month": 5,
        "start_day": 1,
        "end_month": 8,
        "end_day": 31
    },
    "years": [
        1991,
        1992
    ],
    "station_name": "ZZ UPPER SPANISH"
}