{
    "FFMC": 91.32000274658202,
    "ISI": 9.820000076293946,
    "BUI": 69.03999786376954,
    "season": {
        "start_month": 5,
        "start_day": 1,
        "end_month": 8,
        "end_day": 31
    },
    "years": [
        1992
    ],
    "station_name": "ZZ MADPORARY"
}