{
    "FFMC": 92.2853012084961,
    "ISI": 9.20525951385498,
    "BUI": 97.79513244628906,
    "season": {
        "start_month": 5,
        "start_day": 1,
        "end_month": 8,
        "end_day": 31
    },
    "years": [
        1992,
        1993,
        2003,
        2004
    ],
    "station_name": "ZZ MOOSE"
}