{
    "FFMC": 88.93000106811523,
    "ISI": 5.820000171661378,
    "BUI": 56.499999237060564,
    "season": {
        "start_month": 5,
        "start_day": 1,
        "end_month": 8,
        "end_day": 31
    },
    "years": [
        1992
    ],
    "station_name": "ZZ MARTIN CREEK 2"
}