{
    "FFMC": 89.5999984741211,
    "ISI": 6.199999809265138,
    "BUI": 47.5,
    "season": {
        "start_month": 5,
        "start_day": 1,
        "end_month": 8,
        "end_day": 31
    },
    "years": [
        1992,
        1994
    ],
    "station_name": "ZZ UPPER BOSS"
}