{
    "FFMC": 90.1999969482422,
    "ISI": 8.899999618530273,
    "BUI": 53.33999938964845,
    "season": {
        "start_month": 5,
        "start_day": 1,
        "end_month": 8,
        "end_day": 31
    },
    "years": [
        1989,
        1990,
        1991,
        1992,
        1993,
        1994
    ],
    "station_name": "ZZ LITTLE SWIFT"
}