{
    "FFMC": 89.9000015258789,
    "ISI": 8.939999961853031,
    "BUI": 51.56000061035157,
    "season": {
        "start_month": 5,
        "start_day": 1,
        "end_month": 8,
        "end_day": 31
    },
    "years": [
        1989,
        1990
    ],
    "station_name": "ZZ PETERS CREEK"
}