{
    "FFMC": 90.84000244140624,
    "ISI": 7.4000000953674325,
    "BUI": 61.78000106811524,
    "season": {
        "start_month": 5,
        "start_day": 1,
        "end_month": 8,
        "end_day": 31
    },
    "years": [
        1989,
        1990,
        1992,
        1993,
        1994,
        1995
    ],
    "station_name": "ZZ CUNNINGHAM"
}