{
    "FFMC": 89.0,
    "ISI": 5.699999809265138,
    "BUI": 55.29999923706055,
    "season": {
        "start_month": 5,
        "start_day": 1,
        "end_month": 8,
        "end_day": 31
    },
    "years": [
        1989,
        1990
    ],
    "station_name": "ZZ ROARING"
}