{
    "FFMC": 90.1999969482422,
    "ISI": 7.189999818801878,
    "BUI": 52.35000152587889,
    "season": {
        "start_month": 5,
        "start_day": 1,
        "end_month": 8,
        "end_day": 31
    },
    "years": [
        1989,
        1990,
        1991,
        1992,
        1993,
        1994,
        1995
    ],
    "station_name": "ZZ KANGAROO"
}