{
    "FFMC": 90.5099998474121,
    "ISI": 6.509999990463256,
    "BUI": 101.70999984741209,
    "season": {
        "start_month": 5,
        "start_day": 1,
        "end_month": 8,
        "end_day": 31
    },
    "years": [
        1990,
        1991
    ],
    "station_name": "ZZ GOOSE POINT"
}