{
    "FFMC": 90.37000198364258,
    "ISI": 5.669999837875369,
    "BUI": 73.07999877929689,
    "season": {
        "start_month": 5,
        "start_day": 1,
        "end_month": 8,
        "end_day": 31
    },
    "years": [
        1990,
        1991
    ],
    "station_name": "ZZ DOMINION CREEK"
}