{
    "FFMC": 92.41000137329101,
    "ISI": 8.120000362396244,
    "BUI": 104.479997253418,
    "season": {
        "start_month": 5,
        "start_day": 1,
        "end_month": 8,
        "end_day": 31
    },
    "years": [
        1990,
        1991
    ],
    "station_name": "ZZ MCKUSKEY"
}