{
    "FFMC": 88.3499984741211,
    "ISI": 6.099999904632568,
    "BUI": 24.40000057220459,
    "season": {
        "start_month": 5,
        "start_day": 1,
        "end_month": 8,
        "end_day": 31
    },
    "years": [
        1991
    ],
    "station_name": "ZZ BOULDRY"
}