{
    "FFMC": 89.76000213623047,
    "ISI": 6.260000133514403,
    "BUI": 54.560001373291,
    "season": {
        "start_month": 5,
        "start_day": 1,
        "end_month": 8,
        "end_day": 31
    },
    "years": [
        1991,
        1992
    ],
    "station_name": "ZZ TWO CREEK"
}