{
    "FFMC": 92.0999984741211,
    "ISI": 10.34000034332276,
    "BUI": 59.58000106811524,
    "season": {
        "start_month": 5,
        "start_day": 1,
        "end_month": 8,
        "end_day": 31
    },
    "years": [
        1992
    ],
    "station_name": "ZZ BLUE"
}