{
    "FFMC": 88.16000213623047,
    "ISI": 4.939999866485599,
    "BUI": 45.26000061035157,
    "season": {
        "start_month": 5,
        "start_day": 1,
        "end_month": 8,
        "end_day": 31
    },
    "years": [
        1993
    ],
    "station_name": "ZZ MITCHELL"
}