{
    "FFMC": 90.74000091552733,
    "ISI": 8.289999866485596,
    "BUI": 60.84999923706054,
    "season": {
        "start_month": 5,
        "start_day": 1,
        "end_month": 8,
        "end_day": 31
    },
    "years": [
        1993,
        1994
    ],
    "station_name": "ZZ ADOLPH CR."
}