{
    "FFMC": 92.3000030517578,
    "ISI": 9.380000114440925,
    "BUI": 63.50000152587895,
    "season": {
        "start_month": 5,
        "start_day": 1,
        "end_month": 8,
        "end_day": 31
    },
    "years": [
        1992,
        1993,
        1994
    ],
    "station_name": "ZZ OLIVER"
}