{
    "FFMC": 91.0999984741211,
    "ISI": 8.189999866485598,
    "BUI": 62.47999992370605,
    "season": {
        "start_month": 5,
        "start_day": 1,
        "end_month": 8,
        "end_day": 31
    },
    "years": [
        1992,
        1993,
        1994,
        1995
    ],
    "station_name": "ZZ ISAIAH"
}