{
    "FFMC": 92.86000213623046,
    "ISI": 9.300000190734863,
    "BUI": 92.3099983215332,
    "season": {
        "start_month": 5,
        "start_day": 1,
        "end_month": 8,
        "end_day": 31
    },
    "years": [
        1996,
        1998,
        1999,
        2000
    ],
    "station_name": "ZZ TOLKO #1"
}