{
    "FFMC": 85.87999954223633,
    "ISI": 3.7699999809265137,
    "BUI": 23.89999923706056,
    "season": {
        "start_month": 5,
        "start_day": 1,
        "end_month": 8,
        "end_day": 31
    },
    "years": [
        1993
    ],
    "station_name": "ZZ GOTCHEN"
}