{
    "FFMC": 92.4000015258789,
    "ISI": 9.879999732971193,
    "BUI": 65.10000000000002,
    "season": {
        "start_month": 5,
        "start_day": 1,
        "end_month": 8,
        "end_day": 31
    },
    "years": [
        1994,
        1995,
        1996,
        1997
    ],
    "station_name": "ZZ NORTH BLUE"
}