{
    "FFMC": 91.75999755859377,
    "ISI": 7.320000171661377,
    "BUI": 65.71999816894531,
    "season": {
        "start_month": 5,
        "start_day": 1,
        "end_month": 8,
        "end_day": 31
    },
    "years": [
        1994,
        1995
    ],
    "station_name": "ZZ CAMP CREEK"
}