{
    "FFMC": 89.57999877929687,
    "ISI": 7.139999866485596,
    "BUI": 36.199999237060545,
    "season": {
        "start_month": 5,
        "start_day": 1,
        "end_month": 8,
        "end_day": 31
    },
    "years": [
        1996
    ],
    "station_name": "ZZ TISDALL"
}