{
    "FFMC": 90.5999984741211,
    "ISI": 8.899999618530273,
    "BUI": 100.27999877929688,
    "season": {
        "start_month": 5,
        "start_day": 1,
        "end_month": 8,
        "end_day": 31
    },
    "years": [
        1989,
        1990,
        1991,
        1992,
        1993,
        1994
    ],
    "station_name": "ZZ UZTLIUS"
}