{
    "FFMC": 91.63841247558594,
    "ISI": 11.113602352142337,
    "BUI": 65.52956924438477,
    "season": {
        "start_month": 5,
        "start_day": 1,
        "end_month": 8,
        "end_day": 31
    },
    "years": [
        2001
    ],
    "station_name": "ZZ MUD CREEK"
}