{
    "FFMC": 93.67357940673828,
    "ISI": 9.53518886566162,
    "BUI": 56.79927978515625,
    "season": {
        "start_month": 5,
        "start_day": 1,
        "end_month": 8,
        "end_day": 31
    },
    "years": [
        2001
    ],
    "station_name": "ZZ CADWALLER"
}