{
    "FFMC": 91.15081024169922,
    "ISI": 7.99852194786072,
    "BUI": 114.91189727783208,
    "season": {
        "start_month": 5,
        "start_day": 1,
        "end_month": 8,
        "end_day": 31
    },
    "years": [
        2002,
        2003
    ],
    "station_name": "ZZ JOFFRE CREEK"
}