{
    "FFMC": 91.82778396606446,
    "ISI": 9.352090167999267,
    "BUI": 91.04086685180663,
    "season": {
        "start_month": 5,
        "start_day": 1,
        "end_month": 8,
        "end_day": 31
    },
    "years": [
        2000,
        2001,
        2002
    ],
    "station_name": "ZZ GLIMPSE TEST"
}