{
    "FFMC": 90.3000030517578,
    "ISI": 7.5,
    "BUI": 58.70000076293945,
    "season": {
        "start_month": 5,
        "start_day": 1,
        "end_month": 8,
        "end_day": 31
    },
    "years": [
        1989,
        1991,
        1992
    ],
    "station_name": "ZZ CERISE"
}