{
    "FFMC": 90.43999938964845,
    "ISI": 11.479999923706055,
    "BUI": 112.46000061035156,
    "season": {
        "start_month": 5,
        "start_day": 1,
        "end_month": 8,
        "end_day": 31
    },
    "years": [
        1989,
        1990,
        1991,
        1992,
        1993
    ],
    "station_name": "ZZ WEST FACE"
}