{
    "FFMC": 86.51999969482422,
    "ISI": 4.099999904632568,
    "BUI": 45.81999969482422,
    "season": {
        "start_month": 5,
        "start_day": 1,
        "end_month": 8,
        "end_day": 31
    },
    "years": [
        1981,
        1982,
        1983,
        1984,
        1985,
        1986,
        1987,
        1988,
        1990,
        1991,
        1992,
        1993,
        1994
    ],
    "station_name": "ZZ RED MTN"
}