{
    "FFMC": 93.96000061035156,
    "ISI": 11.30000038146973,
    "BUI": 78.76000213623047,
    "season": {
        "start_month": 5,
        "start_day": 1,
        "end_month": 8,
        "end_day": 31
    },
    "years": [
        1989
    ],
    "station_name": "ZZ HURLEY"
}