{
    "FFMC": 94.63999938964844,
    "ISI": 15.919999694824218,
    "BUI": 88.82000122070313,
    "season": {
        "start_month": 5,
        "start_day": 1,
        "end_month": 8,
        "end_day": 31
    },
    "years": [
        1989
    ],
    "station_name": "ZZ NOEL SOUTH"
}