{
    "FFMC": 92.15999755859376,
    "ISI": 11.45999984741211,
    "BUI": 120.4999984741211,
    "season": {
        "start_month": 5,
        "start_day": 1,
        "end_month": 8,
        "end_day": 31
    },
    "years": [
        1989
    ],
    "station_name": "ZZ CARPENTER"
}