{
    "FFMC": 90.5999984741211,
    "ISI": 8.819999885559085,
    "BUI": 62.300001525878905,
    "season": {
        "start_month": 5,
        "start_day": 1,
        "end_month": 8,
        "end_day": 31
    },
    "years": [
        1989
    ],
    "station_name": "ZZ BOULDER"
}