{
    "FFMC": 94.9000015258789,
    "ISI": 19.120000457763673,
    "BUI": 100.94000244140625,
    "season": {
        "start_month": 5,
        "start_day": 1,
        "end_month": 8,
        "end_day": 31
    },
    "years": [
        1990
    ],
    "station_name": "ZZ SLOK"
}