{
    "FFMC": 94.75,
    "ISI": 12.949999809265137,
    "BUI": 137.0999984741211,
    "season": {
        "start_month": 5,
        "start_day": 1,
        "end_month": 8,
        "end_day": 31
    },
    "years": [
        1990,
        1991
    ],
    "station_name": "ZZ CADWALLADER"
}