{
    "FFMC": 93.5999984741211,
    "ISI": 12.800000190734865,
    "BUI": 85.9000015258789,
    "season": {
        "start_month": 5,
        "start_day": 1,
        "end_month": 8,
        "end_day": 31
    },
    "years": [
        1990
    ],
    "station_name": "ZZ MCCULLOCH"
}