{
    "FFMC": 91.9000015258789,
    "ISI": 8.899999618530273,
    "BUI": 109.96000213623046,
    "season": {
        "start_month": 5,
        "start_day": 1,
        "end_month": 8,
        "end_day": 31
    },
    "years": [
        1990
    ],
    "station_name": "ZZ PROSPECT"
}