{
    "FFMC": 89.0999984741211,
    "ISI": 4.739999866485596,
    "BUI": 34.24000091552734,
    "season": {
        "start_month": 5,
        "start_day": 1,
        "end_month": 8,
        "end_day": 31
    },
    "years": [
        1993
    ],
    "station_name": "ZZ WABASH"
}