{
    "FFMC": 92.64184875488282,
    "ISI": 8.473008346557616,
    "BUI": 104.52537078857422,
    "season": {
        "start_month": 5,
        "start_day": 1,
        "end_month": 8,
        "end_day": 31
    },
    "years": [
        2002
    ],
    "station_name": "ZZ STYX CREEK"
}