{
    "FFMC": 92.50999984741212,
    "ISI": 8.699999809265138,
    "BUI": 78.5,
    "season": {
        "start_month": 5,
        "start_day": 1,
        "end_month": 8,
        "end_day": 31
    },
    "years": [
        1989,
        1990,
        1991,
        1992,
        1993,
        1994
    ],
    "station_name": "ZZ CAYENNE"
}