{
    "FFMC": 92.0999984741211,
    "ISI": 9.899999618530273,
    "BUI": 70.19999694824219,
    "season": {
        "start_month": 5,
        "start_day": 1,
        "end_month": 8,
        "end_day": 31
    },
    "years": [
        1989,
        1990,
        1991,
        1992,
        1993,
        1994,
        1995,
        1996,
        1997
    ],
    "station_name": "ZZ FINN CREEK"
}