{
    "FFMC": 90.88000183105468,
    "ISI": 7.980000019073486,
    "BUI": 59.100001525878895,
    "season": {
        "start_month": 5,
        "start_day": 1,
        "end_month": 8,
        "end_day": 31
    },
    "years": [
        1989
    ],
    "station_name": "ZZ BELL POLE"
}