{
    "FFMC": 92.07999877929687,
    "ISI": 9.319999694824217,
    "BUI": 57.420001220703114,
    "season": {
        "start_month": 5,
        "start_day": 1,
        "end_month": 8,
        "end_day": 31
    },
    "years": [
        1989
    ],
    "station_name": "ZZ GANNETT"
}