{
    "FFMC": 90.0,
    "ISI": 6.199999809265138,
    "BUI": 78.91000137329101,
    "season": {
        "start_month": 5,
        "start_day": 1,
        "end_month": 8,
        "end_day": 31
    },
    "years": [
        1990
    ],
    "station_name": "ZZ WHITE LAKE"
}