{
    "FFMC": 88.55447692871094,
    "ISI": 4.053007674217224,
    "BUI": 31.888438415527343,
    "season": {
        "start_month": 5,
        "start_day": 1,
        "end_month": 8,
        "end_day": 31
    },
    "years": [
        2002
    ],
    "station_name": "ZZ FRISBY"
}