{
    "FFMC": 91.75999832153322,
    "ISI": 10.059999942779541,
    "BUI": 95.07000198364257,
    "season": {
        "start_month": 5,
        "start_day": 1,
        "end_month": 8,
        "end_day": 31
    },
    "years": [
        1994
    ],
    "station_name": "ZZ DAWSON"
}