{
    "FFMC": 92.37929077148438,
    "ISI": 9.160310554504395,
    "BUI": 174.44550476074218,
    "season": {
        "start_month": 5,
        "start_day": 1,
        "end_month": 8,
        "end_day": 31
    },
    "years": [
        1998
    ],
    "station_name": "ZZ WEST RIDGE QD(NEC)"
}