{
    "FFMC": 90.57999877929687,
    "ISI": 5.179999828338624,
    "BUI": 49.039998626708986,
    "season": {
        "start_month": 5,
        "start_day": 1,
        "end_month": 8,
        "end_day": 31
    },
    "years": [
        1989,
        1993,
        1999
    ],
    "station_name": "ZZ BUSH RIVER"
}