{
    "FFMC": 91.00999984741212,
    "ISI": 6.609999895095827,
    "BUI": 62.30999946594238,
    "season": {
        "start_month": 5,
        "start_day": 1,
        "end_month": 8,
        "end_day": 31
    },
    "years": [
        1989,
        1990,
        1991,
        1992,
        1993,
        1994
    ],
    "station_name": "ZZ BEAVERFOOT RIVER"
}