{
    "FFMC": 91.11999816894532,
    "ISI": 7.039999961853026,
    "BUI": 59.29999923706055,
    "season": {
        "start_month": 5,
        "start_day": 1,
        "end_month": 8,
        "end_day": 31
    },
    "years": [
        1989,
        1990,
        1991
    ],
    "station_name": "ZZ BOULDER CREEK"
}