{
    "FFMC": 91.1999969482422,
    "ISI": 6.37000012397766,
    "BUI": 94.4299995422363,
    "season": {
        "start_month": 5,
        "start_day": 1,
        "end_month": 8,
        "end_day": 31
    },
    "years": [
        1989,
        1990,
        1991
    ],
    "station_name": "ZZ GLACIER"
}