{
    "FFMC": 91.5999984741211,
    "ISI": 7.9000000953674325,
    "BUI": 84.04999923706055,
    "season": {
        "start_month": 5,
        "start_day": 1,
        "end_month": 8,
        "end_day": 31
    },
    "years": [
        1989,
        1990,
        1991,
        1992,
        1994,
        1995,
        1996,
        1997,
        1998,
        1999
    ],
    "station_name": "ZZ CARIBOU"
}