{
    "FFMC": 89.5999984741211,
    "ISI": 5.400000095367432,
    "BUI": 55.48000030517578,
    "season": {
        "start_month": 5,
        "start_day": 1,
        "end_month": 8,
        "end_day": 31
    },
    "years": [
        1990,
        1991,
        1992,
        1993
    ],
    "station_name": "ZZ BACHELOR"
}