{
    "FFMC": 91.4000015258789,
    "ISI": 9.060000228881835,
    "BUI": 91.80000305175778,
    "season": {
        "start_month": 5,
        "start_day": 1,
        "end_month": 8,
        "end_day": 31
    },
    "years": [
        1990,
        1994
    ],
    "station_name": "ZZ CUPOLA CR"
}