{
    "FFMC": 88.21999816894532,
    "ISI": 4.300000190734863,
    "BUI": 86.72000122070322,
    "season": {
        "start_month": 5,
        "start_day": 1,
        "end_month": 8,
        "end_day": 31
    },
    "years": [
        1990,
        1991,
        1992,
        1993,
        1994,
        1996,
        1997,
        1998
    ],
    "station_name": "ZZ GOLD RIVER"
}