{
    "FFMC": 89.15999755859376,
    "ISI": 4.669999837875368,
    "BUI": 42.70000076293945,
    "season": {
        "start_month": 5,
        "start_day": 1,
        "end_month": 8,
        "end_day": 31
    },
    "years": [
        1991
    ],
    "station_name": "ZZ REDBURN CREEK ST"
}