{
    "FFMC": 93.48000030517578,
    "ISI": 12.800000000000004,
    "BUI": 94.13999786376955,
    "season": {
        "start_month": 5,
        "start_day": 1,
        "end_month": 8,
        "end_day": 31
    },
    "years": [
        1992,
        1993
    ],
    "station_name": "ZZ ICEFALL"
}