{
    "FFMC": 83.26000061035155,
    "ISI": 1.8399999856948843,
    "BUI": 19.200000762939453,
    "season": {
        "start_month": 5,
        "start_day": 1,
        "end_month": 8,
        "end_day": 31
    },
    "years": [
        1993
    ],
    "station_name": "ZZ DOUBLE EDDY"
}