{
    "FFMC": 90.89793853759765,
    "ISI": 7.061228466033935,
    "BUI": 63.56694717407226,
    "season": {
        "start_month": 5,
        "start_day": 1,
        "end_month": 8,
        "end_day": 31
    },
    "years": [
        1993,
        1994,
        1995,
        1996,
        1997,
        1998,
        1999,
        2001
    ],
    "station_name": "ZZ VOWELL"
}