{
    "FFMC": 91.4000015258789,
    "ISI": 6.760000038146975,
    "BUI": 106.66000061035162,
    "season": {
        "start_month": 5,
        "start_day": 1,
        "end_month": 8,
        "end_day": 31
    },
    "years": [
        1994,
        1995,
        1996
    ],
    "station_name": "ZZ BUSH RIVER 2"
}