{
    "FFMC": 91.1999969482422,
    "ISI": 7.0,
    "BUI": 91.8000030517578,
    "season": {
        "start_month": 5,
        "start_day": 1,
        "end_month": 8,
        "end_day": 31
    },
    "years": [
        1994,
        1995,
        1996,
        1997,
        1998,
        1999
    ],
    "station_name": "ZZ BLACK/GOLD"
}