{
    "FFMC": 90.0999984741211,
    "ISI": 6.5999999046325675,
    "BUI": 80.69999694824219,
    "season": {
        "start_month": 5,
        "start_day": 1,
        "end_month": 8,
        "end_day": 31
    },
    "years": [
        1994,
        1995,
        1996
    ],
    "station_name": "ZZ WAYNE CRK"
}