{
    "FFMC": 92.0999984741211,
    "ISI": 7.52999997138977,
    "BUI": 95.3000030517578,
    "season": {
        "start_month": 5,
        "start_day": 1,
        "end_month": 8,
        "end_day": 31
    },
    "years": [
        1996
    ],
    "station_name": "ZZ GLACIER NORTH"
}