{
    "FFMC": 89.81000289916992,
    "ISI": 5.81000018119812,
    "BUI": 58.20999870300294,
    "season": {
        "start_month": 5,
        "start_day": 1,
        "end_month": 8,
        "end_day": 31
    },
    "years": [
        1995
    ],
    "station_name": "ZZ GOLD2"
}