{
    "FFMC": 89.11011505126953,
    "ISI": 5.370000123977661,
    "BUI": 38.762080383300784,
    "season": {
        "start_month": 5,
        "start_day": 1,
        "end_month": 8,
        "end_day": 31
    },
    "years": [
        1997,
        1998
    ],
    "station_name": "ZZ BUSH RIVER 3"
}