{
    "FFMC": 85.80000305175781,
    "ISI": 2.5999999046325684,
    "BUI": 45.79999923706055,
    "season": {
        "start_month": 5,
        "start_day": 1,
        "end_month": 8,
        "end_day": 31
    },
    "years": [
        1997
    ],
    "station_name": "ZZ SULLIVAN"
}