{
    "FFMC": 92.36000061035156,
    "ISI": 9.460000038146973,
    "BUI": 87.86000061035156,
    "season": {
        "start_month": 5,
        "start_day": 1,
        "end_month": 8,
        "end_day": 31
    },
    "years": [
        1990
    ],
    "station_name": "ZZ KASLORIVER"
}