{
    "FFMC": 93.5999984741211,
    "ISI": 8.399999618530272,
    "BUI": 112.04000091552733,
    "season": {
        "start_month": 5,
        "start_day": 1,
        "end_month": 8,
        "end_day": 31
    },
    "years": [
        1989,
        1990,
        1991,
        1992
    ],
    "station_name": "ZZ VOLCANIC"
}