{
    "FFMC": 92.3000030517578,
    "ISI": 8.479999923706055,
    "BUI": 87.78000183105469,
    "season": {
        "start_month": 5,
        "start_day": 1,
        "end_month": 8,
        "end_day": 31
    },
    "years": [
        1989,
        1990,
        1991,
        1992,
        1993
    ],
    "station_name": "ZZ ITALY"
}