{
    "FFMC": 94.14000244140624,
    "ISI": 9.0,
    "BUI": 143.89999999999998,
    "season": {
        "start_month": 5,
        "start_day": 1,
        "end_month": 8,
        "end_day": 31
    },
    "years": [
        1989,
        1990
    ],
    "station_name": "ZZ FIVA"
}