{
    "FFMC": 91.4000015258789,
    "ISI": 7.5999999046325675,
    "BUI": 84.19999694824219,
    "season": {
        "start_month": 5,
        "start_day": 1,
        "end_month": 8,
        "end_day": 31
    },
    "years": [
        1989,
        1990,
        1992,
        1994,
        1995,
        1996
    ],
    "station_name": "ZZ MARYLAND"
}