{
    "FFMC": 91.38000183105468,
    "ISI": 5.7600001335144055,
    "BUI": 52.73999938964844,
    "season": {
        "start_month": 5,
        "start_day": 1,
        "end_month": 8,
        "end_day": 31
    },
    "years": [
        1989,
        1996,
        1997
    ],
    "station_name": "ZZ FENWICK"
}