{
    "FFMC": 92.18000030517578,
    "ISI": 7.139999866485599,
    "BUI": 100.95999908447286,
    "season": {
        "start_month": 5,
        "start_day": 1,
        "end_month": 8,
        "end_day": 31
    },
    "years": [
        1989,
        1990,
        1991,
        1992,
        1993,
        1994,
        1995,
        1997
    ],
    "station_name": "ZZ SAWMILL CR"
}