{
    "FFMC": 94.6999969482422,
    "ISI": 12.189999866485595,
    "BUI": 114.45,
    "season": {
        "start_month": 5,
        "start_day": 1,
        "end_month": 8,
        "end_day": 31
    },
    "years": [
        1989,
        1992
    ],
    "station_name": "ZZ SEMLIN"
}