{
    "FFMC": 91.3000030517578,
    "ISI": 6.5999999046325675,
    "BUI": 87.0,
    "season": {
        "start_month": 5,
        "start_day": 1,
        "end_month": 8,
        "end_day": 31
    },
    "years": [
        1989,
        1990,
        1991,
        1992
    ],
    "station_name": "ZZ CORBIN"
}