{
    "FFMC": 92.78000106811524,
    "ISI": 9.010000324249269,
    "BUI": 114.63999786376954,
    "season": {
        "start_month": 5,
        "start_day": 1,
        "end_month": 8,
        "end_day": 31
    },
    "years": [
        1990
    ],
    "station_name": "ZZ DUTCH CR"
}