{
    "FFMC": 90.11999816894533,
    "ISI": 5.720000076293947,
    "BUI": 127.11999816894536,
    "season": {
        "start_month": 5,
        "start_day": 1,
        "end_month": 8,
        "end_day": 31
    },
    "years": [
        1990
    ],
    "station_name": "ZZ CAMP ONE"
}