{
    "FFMC": 91.22999877929688,
    "ISI": 8.899999618530273,
    "BUI": 87.17000198364259,
    "season": {
        "start_month": 5,
        "start_day": 1,
        "end_month": 8,
        "end_day": 31
    },
    "years": [
        1990,
        1991
    ],
    "station_name": "ZZ MAIYUK CR."
}