{
    "FFMC": 87.30000305175781,
    "ISI": 5.0,
    "BUI": 67.23999938964845,
    "season": {
        "start_month": 5,
        "start_day": 1,
        "end_month": 8,
        "end_day": 31
    },
    "years": [
        1978,
        1979,
        1980,
        1981,
        1982,
        1983,
        1984,
        1985,
        1986,
        1987,
        1988,
        1991
    ],
    "station_name": "ZZ SARITA"
}