{
    "FFMC": 92.1999969482422,
    "ISI": 8.419999694824217,
    "BUI": 84.02000122070312,
    "season": {
        "start_month": 5,
        "start_day": 1,
        "end_month": 8,
        "end_day": 31
    },
    "years": [
        1990,
        1991,
        1992,
        1993
    ],
    "station_name": "ZZ BREWER"
}