{
    "FFMC": 94.74000244140623,
    "ISI": 16.700000762939453,
    "BUI": 143.4000030517578,
    "season": {
        "start_month": 5,
        "start_day": 1,
        "end_month": 8,
        "end_day": 31
    },
    "years": [
        1991
    ],
    "station_name": "ZZ SKOOKUMCHUK"
}