{
    "FFMC": 94.40383987426758,
    "ISI": 15.61000032424927,
    "BUI": 148.78648071289064,
    "season": {
        "start_month": 5,
        "start_day": 1,
        "end_month": 8,
        "end_day": 31
    },
    "years": [
        1991,
        1992,
        1993,
        1994,
        1995,
        1996,
        1997,
        2001
    ],
    "station_name": "ZZ CANAL FLATS"
}