{
    "FFMC": 93.58999862670899,
    "ISI": 13.170000171661385,
    "BUI": 51.759999465942386,
    "season": {
        "start_month": 5,
        "start_day": 1,
        "end_month": 8,
        "end_day": 31
    },
    "years": [
        1991,
        1992
    ],
    "station_name": "ZZ NORTH FORK"
}