{
    "FFMC": 92.6999969482422,
    "ISI": 9.519999980926515,
    "BUI": 68.05000152587891,
    "season": {
        "start_month": 5,
        "start_day": 1,
        "end_month": 8,
        "end_day": 31
    },
    "years": [
        1992
    ],
    "station_name": "ZZ MOSCOW"
}