{
    "FFMC": 95.4999969482422,
    "ISI": 12.020000076293945,
    "BUI": 83.50000152587889,
    "season": {
        "start_month": 5,
        "start_day": 1,
        "end_month": 8,
        "end_day": 31
    },
    "years": [
        1992,
        1993,
        1994,
        1995
    ],
    "station_name": "ZZ THUNDER"
}