{
    "FFMC": 83.5999984741211,
    "ISI": 2.5999999046325684,
    "BUI": 17.700000762939453,
    "season": {
        "start_month": 5,
        "start_day": 1,
        "end_month": 8,
        "end_day": 31
    },
    "years": [
        1993
    ],
    "station_name": "ZZ CROSS"
}