{
    "FFMC": 89.9000015258789,
    "ISI": 5.280000114440917,
    "BUI": 57.039999389648436,
    "season": {
        "start_month": 5,
        "start_day": 1,
        "end_month": 8,
        "end_day": 31
    },
    "years": [
        1993,
        1994
    ],
    "station_name": "ZZ PICTURE VALLEY"
}