{
    "FFMC": 95.5,
    "ISI": 12.879999732971193,
    "BUI": 163.6200012207032,
    "season": {
        "start_month": 5,
        "start_day": 1,
        "end_month": 8,
        "end_day": 31
    },
    "years": [
        1993,
        1994,
        1995,
        1997
    ],
    "station_name": "ZZ LAMB CR"
}