{
    "FFMC": 92.0999984741211,
    "ISI": 9.12000026702881,
    "BUI": 194.79999694824224,
    "season": {
        "start_month": 5,
        "start_day": 1,
        "end_month": 8,
        "end_day": 31
    },
    "years": [
        1993,
        1994,
        1995
    ],
    "station_name": "ZZ MCLEOD KNP"
}