{
    "FFMC": 88.30000305175781,
    "ISI": 7.199999809265138,
    "BUI": 53.150000000000006,
    "season": {
        "start_month": 5,
        "start_day": 1,
        "end_month": 8,
        "end_day": 31
    },
    "years": [
        1980,
        1981,
        1983
    ],
    "station_name": "ZZ GOAT LAKE"
}