{
    "FFMC": 92.9900001525879,
    "ISI": 7.5899999141693115,
    "BUI": 106.31000137329102,
    "season": {
        "start_month": 5,
        "start_day": 1,
        "end_month": 8,
        "end_day": 31
    },
    "years": [
        1993,
        1994,
        1995
    ],
    "station_name": "ZZ SWEDE KNP"
}