{
    "FFMC": 95.0999984741211,
    "ISI": 11.130000209808351,
    "BUI": 216.58000183105472,
    "season": {
        "start_month": 5,
        "start_day": 1,
        "end_month": 8,
        "end_day": 31
    },
    "years": [
        1994,
        1996,
        1997
    ],
    "station_name": "ZZ TWIN LAKES"
}