{
    "FFMC": 90.3000030517578,
    "ISI": 6.380000114440918,
    "BUI": 94.32000122070312,
    "season": {
        "start_month": 5,
        "start_day": 1,
        "end_month": 8,
        "end_day": 31
    },
    "years": [
        1989
    ],
    "station_name": "ZZ BULKLEY CANYON"
}