{
    "FFMC": 88.78000030517579,
    "ISI": 5.619999885559085,
    "BUI": 85.65999755859374,
    "season": {
        "start_month": 5,
        "start_day": 1,
        "end_month": 8,
        "end_day": 31
    },
    "years": [
        1989
    ],
    "station_name": "ZZ BORDEN LAKE"
}