{
    "FFMC": 89.85000228881836,
    "ISI": 6.1499998569488525,
    "BUI": 78.04999923706055,
    "season": {
        "start_month": 5,
        "start_day": 1,
        "end_month": 8,
        "end_day": 31
    },
    "years": [
        1989,
        1990,
        1991,
        1992,
        1993,
        1994
    ],
    "station_name": "ZZ GAIL CREEK"
}