{
    "FFMC": 90.6999969482422,
    "ISI": 7.5,
    "BUI": 88.19999694824219,
    "season": {
        "start_month": 5,
        "start_day": 1,
        "end_month": 8,
        "end_day": 31
    },
    "years": [
        1990,
        1991,
        1992,
        1993,
        1994
    ],
    "station_name": "ZZ WEEGEE"
}