{
    "FFMC": 88.19999694824219,
    "ISI": 6.199999809265138,
    "BUI": 66.80000305175781,
    "season": {
        "start_month": 5,
        "start_day": 1,
        "end_month": 8,
        "end_day": 31
    },
    "years": [
        1990,
        1996
    ],
    "station_name": "ZZ WEBER CREEK"
}