{
    "FFMC": 87.0999984741211,
    "ISI": 4.490000009536744,
    "BUI": 62.88000068664552,
    "season": {
        "start_month": 5,
        "start_day": 1,
        "end_month": 8,
        "end_day": 31
    },
    "years": [
        1994
    ],
    "station_name": "ZZ HOAN"
}