{
    "FFMC": 88.20038757324218,
    "ISI": 3.7371642589569087,
    "BUI": 21.580421447753906,
    "season": {
        "start_month": 5,
        "start_day": 1,
        "end_month": 8,
        "end_day": 31
    },
    "years": [
        2002,
        2003
    ],
    "station_name": "ZZ DBA TEST"
}