{
    "FFMC": 88.5,
    "ISI": 4.970000028610231,
    "BUI": 55.8399997711182,
    "season": {
        "start_month": 5,
        "start_day": 1,
        "end_month": 8,
        "end_day": 31
    },
    "years": [
        1986,
        1987,
        1988
    ],
    "station_name": "ZZ BUTE INLT MOH CR"
}