{
    "FFMC": 88.94393768310547,
    "ISI": 4.869027137756348,
    "BUI": 219.54595489501952,
    "season": {
        "start_month": 5,
        "start_day": 1,
        "end_month": 8,
        "end_day": 31
    },
    "years": [
        2003
    ],
    "station_name": "ZZ CHIL QD"
}