{
    "FFMC": 88.52999954223633,
    "ISI": 5.800000190734862,
    "BUI": 53.44000091552735,
    "season": {
        "start_month": 5,
        "start_day": 1,
        "end_month": 8,
        "end_day": 31
    },
    "years": [
        1987,
        1988,
        1989,
        1990,
        1991,
        1992,
        1993,
        1994,
        1995,
        1996,
        1997,
        1998,
        1999
    ],
    "station_name": "ZZ CLOWHOLM"
}