{
    "FFMC": 94.04709167480469,
    "ISI": 13.845059585571288,
    "BUI": 213.0096710205078,
    "season": {
        "start_month": 5,
        "start_day": 1,
        "end_month": 8,
        "end_day": 31
    },
    "years": [
        2003
    ],
    "station_name": "ZZ LAMB QD"
}