{
    "FFMC": 90.79844360351562,
    "ISI": 8.333853816986084,
    "BUI": 144.2385986328125,
    "season": {
        "start_month": 5,
        "start_day": 1,
        "end_month": 8,
        "end_day": 31
    },
    "years": [
        2003
    ],
    "station_name": "ZZ HARROW"
}