{
    "FFMC": 88.3800018310547,
    "ISI": 6.2800001144409245,
    "BUI": 48.10000076293949,
    "season": {
        "start_month": 5,
        "start_day": 1,
        "end_month": 8,
        "end_day": 31
    },
    "years": [
        1988,
        1989,
        1990,
        1991,
        1992,
        1993,
        1994,
        1995,
        1996,
        1997
    ],
    "station_name": "ZZ HOVEL BAY"
}