{
    "FFMC": 86.91621856689453,
    "ISI": 4.199999809265137,
    "BUI": 45.29999923706055,
    "season": {
        "start_month": 5,
        "start_day": 1,
        "end_month": 8,
        "end_day": 31
    },
    "years": [
        1989,
        1990,
        1991,
        1992,
        1993,
        1994,
        1995,
        1996,
        1997,
        1998,
        1999
    ],
    "station_name": "ZZ TOM BROWNE LK (NEC) (CELL)"
}