{
    "FFMC": 91.39543151855469,
    "ISI": 8.440624713897705,
    "BUI": 78.45869903564453,
    "season": {
        "start_month": 5,
        "start_day": 1,
        "end_month": 8,
        "end_day": 31
    },
    "years": [
        2004
    ],
    "station_name": "ZZ SWAN LAKE"
}