{
    "FFMC": 85.04194259643555,
    "ISI": 0.0644511952996254,
    "BUI": 77.7793197631836,
    "season": {
        "start_month": 5,
        "start_day": 1,
        "end_month": 8,
        "end_day": 31
    },
    "years": [
        2004
    ],
    "station_name": "ZZ THUNDER MOUNTAIN"
}