{
    "FFMC": 86.69999694824219,
    "ISI": 4.400000095367432,
    "BUI": 80.79999847412108,
    "season": {
        "start_month": 5,
        "start_day": 1,
        "end_month": 8,
        "end_day": 31
    },
    "years": [
        1978,
        1979,
        1980,
        1981,
        1992
    ],
    "station_name": "ZZ BR417"
}