{
    "FFMC": 93.49555587768555,
    "ISI": 11.965337753295898,
    "BUI": 77.6520004272461,
    "season": {
        "start_month": 5,
        "start_day": 1,
        "end_month": 8,
        "end_day": 31
    },
    "years": [
        2005,
        2006,
        2007,
        2008,
        2009,
        2010,
        2011,
        2012,
        2013,
        2014,
        2015,
        2016,
        2017,
        2018,
        2019
    ],
    "station": {
        "code": "905",
        "name": "DOWNIE"
    }
}