{
    "FFMC": 86.19999694824219,
    "ISI": 4.300000190734863,
    "BUI": 41.400001525878906,
    "season": {
        "start_month": 5,
        "start_day": 1,
        "end_month": 8,
        "end_day": 31
    },
    "years": [
        1982,
        1983,
        1984,
        1990,
        1991,
        1992,
        1993,
        1994
    ],
    "station_name": "ZZ JUSKATLA"
}