{
    "FFMC": 90.54408264160156,
    "ISI": 6.126740646362306,
    "BUI": 91.46958847045899,
    "season": {
        "start_month": 5,
        "start_day": 1,
        "end_month": 8,
        "end_day": 31
    },
    "years": [
        2005,
        2006
    ],
    "station_name": "ZZ TURNER _TWEEDSMUIR"
}