{
    "FFMC": 90.52516021728516,
    "ISI": 5.986013650894165,
    "BUI": 64.66136932373047,
    "season": {
        "start_month": 5,
        "start_day": 1,
        "end_month": 8,
        "end_day": 31
    },
    "years": [
        2005
    ],
    "station_name": "ZZ BONE TEMP"
}