{
    "FFMC": 87.71324462890625,
    "ISI": 1.8745287497578837,
    "BUI": 41.8488733291626,
    "season": {
        "start_month": 5,
        "start_day": 1,
        "end_month": 8,
        "end_day": 31
    },
    "years": [
        2005
    ],
    "station_name": "ZZ CANVAS Temp"
}