{
    "FFMC": 93.45626678466797,
    "ISI": 8.743081283569335,
    "BUI": 92.98657836914063,
    "season": {
        "start_month": 5,
        "start_day": 1,
        "end_month": 8,
        "end_day": 31
    },
    "years": [
        2006,
        2007
    ],
    "station_name": "ZZ ANDERSON"
}