{
    "ffmc": 92.37337799072264,
    "isi": 8.458981990814209,
    "bui": 155.15147399902344,
    "season": {
        "start_month": 5,
        "start_day": 1,
        "end_month": 8,
        "end_day": 31
    },
    "years": [
        2006,
        2007,
        2008,
        2009,
        2010,
        2011,
        2012,
        2013,
        2014,
        2015,
        2016,
        2017,
        2018
    ],
    "station": {
        "code": "934",
        "name": "MESACHIE 2"
    }
}