{
    "FFMC": 84.18710479736328,
    "ISI": 2.6209362745285034,
    "BUI": 77.41275405883789,
    "season": {
        "start_month": 5,
        "start_day": 1,
        "end_month": 8,
        "end_day": 31
    },
    "years": [
        2006
    ],
    "station_name": "ZZ BATNUNI"
}