{
    "FFMC": 93.04753875732422,
    "ISI": 13.097608947753908,
    "BUI": 108.01964111328125,
    "season": {
        "start_month": 5,
        "start_day": 1,
        "end_month": 8,
        "end_day": 31
    },
    "years": [
        2007,
        2009
    ],
    "station_name": "ZZ OELRICH SF"
}