{
    "FFMC": 93.3676986694336,
    "ISI": 10.25215129852295,
    "BUI": 129.08477478027342,
    "season": {
        "start_month": 5,
        "start_day": 1,
        "end_month": 8,
        "end_day": 31
    },
    "years": [
        2007,
        2008,
        2009,
        2010,
        2011,
        2012,
        2013,
        2014,
        2015,
        2016,
        2017,
        2018,
        2019
    ],
    "station": {
        "code": "977",
        "name": "ANDERSON CREEK"
    }
}