{
    "FFMC": 94.04179763793945,
    "ISI": 12.260693359375,
    "BUI": 101.75366973876952,
    "season": {
        "start_month": 5,
        "start_day": 1,
        "end_month": 8,
        "end_day": 31
    },
    "years": [
        2007
    ],
    "station_name": "ZZ UPPER PLACER"
}