{
    "FFMC": 86.30000305175781,
    "ISI": 4.32531995773316,
    "BUI": 38.001454544067386,
    "season": {
        "start_month": 5,
        "start_day": 1,
        "end_month": 8,
        "end_day": 31
    },
    "years": [
        1993,
        1994,
        1995,
        1996,
        1997,
        1998,
        1999,
        2000
    ],
    "station_name": "ZZ KITSAULT"
}