{
    "FFMC": 94.02409362792969,
    "ISI": 13.741554832458498,
    "BUI": 82.96748352050784,
    "season": {
        "start_month": 5,
        "start_day": 1,
        "end_month": 8,
        "end_day": 31
    },
    "years": [
        2007,
        2008
    ],
    "station_name": "ZZ SASKUM"
}