{
    "FFMC": 86.98625335693359,
    "ISI": 4.357858848571778,
    "BUI": 59.23228073120118,
    "season": {
        "start_month": 5,
        "start_day": 1,
        "end_month": 8,
        "end_day": 31
    },
    "years": [
        2007
    ],
    "station_name": "ZZ STANLEY PARK"
}