{
    "FFMC": 88.4000015258789,
    "ISI": 10.5400001525879,
    "BUI": 93.13999786376955,
    "season": {
        "start_month": 5,
        "start_day": 1,
        "end_month": 8,
        "end_day": 31
    },
    "years": [
        1970,
        1971,
        1972,
        1973,
        1974,
        1975,
        1976,
        1977,
        1978,
        1979,
        1980,
        1981,
        1982
    ],
    "station_name": "ZZ FIRVALE"
}