{
    "FFMC": 92.36547088623047,
    "ISI": 10.885581588745117,
    "BUI": 125.87174682617187,
    "season": {
        "start_month": 5,
        "start_day": 1,
        "end_month": 8,
        "end_day": 31
    },
    "years": [
        2006
    ],
    "station_name": "ZZ HA HA MST"
}