{
    "FFMC": 88.53568954467774,
    "ISI": 5.973965263366702,
    "BUI": 76.5445281982422,
    "season": {
        "start_month": 5,
        "start_day": 1,
        "end_month": 8,
        "end_day": 31
    },
    "year_range": {
        "start": 2010,
        "end": 2019
    },
    "station_name": "TS ELPHINSTONE"
}