{
    "FFMC": 92.84178924560548,
    "ISI": 11.30656318664551,
    "BUI": 114.09906005859379,
    "season": {
        "start_month": 5,
        "start_day": 1,
        "end_month": 8,
        "end_day": 31
    },
    "year_range": {
        "start": 2010,
        "end": 2019
    },
    "station_name": "SKOONKA"
}