{
    "FFMC": 90.66532974243165,
    "ISI": 6.625931310653686,
    "BUI": 102.95833892822263,
    "season": {
        "start_month": 5,
        "start_day": 1,
        "end_month": 8,
        "end_day": 31
    },
    "year_range": {
        "start": 2010,
        "end": 2019
    },
    "station_name": "TS THEODOSIA"
}