{
    "FFMC": 90.66532974243165,
    "ISI": 6.625931310653686,
    "BUI": 102.95833892822263,
    "season": {
        "start_month": 5,
        "start_day": 1,
        "end_month": 8,
        "end_day": 31
    },
    "years": [
        2010,
        2011,
        2012,
        2013,
        2014,
        2015,
        2016,
        2017,
        2018,
        2019
    ],
    "station_name": "TS THEODOSIA"
}