{
    "FFMC": 94.45374832153318,
    "ISI": 14.29779052734375,
    "BUI": 203.7754867553711,
    "season": {
        "start_month": 5,
        "start_day": 1,
        "end_month": 8,
        "end_day": 31
    },
    "year_range": {
        "start": 2010,
        "end": 2019
    },
    "station_name": "FIVE MILE"
}