{
    "FFMC": 93.26963424682617,
    "ISI": 11.027422523498533,
    "BUI": 108.24773559570312,
    "season": {
        "start_month": 5,
        "start_day": 1,
        "end_month": 8,
        "end_day": 31
    },
    "year_range": {
        "start": 2010,
        "end": 2019
    },
    "station_name": "BIG SILVER 2"
}