{
    "FFMC": 92.42973709106445,
    "ISI": 14.71939754486084,
    "BUI": 108.35824584960938,
    "season": {
        "start_month": 5,
        "start_day": 1,
        "end_month": 8,
        "end_day": 31
    },
    "year_range": {
        "start": 2010,
        "end": 2019
    },
    "station_name": "OSBORN"
}