{
    "FFMC": 94.7948959350586,
    "ISI": 16.7410120010376,
    "BUI": 223.55575103759764,
    "season": {
        "start_month": 5,
        "start_day": 1,
        "end_month": 8,
        "end_day": 31
    },
    "year_range": {
        "start": 2010,
        "end": 2019
    },
    "station_name": "SPLINTLUM"
}