{
    "FFMC": 90.72239303588867,
    "ISI": 7.7302475452423085,
    "BUI": 108.15113220214843,
    "season": {
        "start_month": 5,
        "start_day": 1,
        "end_month": 8,
        "end_day": 31
    },
    "year_range": {
        "start": 2010,
        "end": 2019
    },
    "station_name": "TS MAURELLE"
}