{
    "FFMC": 90.68144226074219,
    "ISI": 7.963165760040283,
    "BUI": 88.25484848022461,
    "season": {
        "start_month": 5,
        "start_day": 1,
        "end_month": 8,
        "end_day": 31
    },
    "year_range": {
        "start": 2010,
        "end": 2019
    },
    "station_name": "KITPARK"
}