{
    "FFMC": 93.0823013305664,
    "ISI": 11.876362228393555,
    "BUI": 196.82097473144532,
    "season": {
        "start_month": 5,
        "start_day": 1,
        "end_month": 8,
        "end_day": 31
    },
    "year_range": {
        "start": 2010,
        "end": 2019
    },
    "station_name": "ZZ TERRACE MOUNTAIN"
}