{
    "FFMC": 92.52543563842774,
    "ISI": 11.066638946533203,
    "BUI": 119.68586273193361,
    "season": {
        "start_month": 5,
        "start_day": 1,
        "end_month": 8,
        "end_day": 31
    },
    "years": [
        2010,
        2011,
        2012,
        2013
    ],
    "station_name": "ZZ MOOSECAMP"
}