{
    "FFMC": 93.0175537109375,
    "ISI": 10.640966606140138,
    "BUI": 60.92119216918946,
    "season": {
        "start_month": 5,
        "start_day": 1,
        "end_month": 8,
        "end_day": 31
    },
    "year_range": {
        "start": 2010,
        "end": 2019
    },
    "station_name": "ZZ BONE CREEK"
}