{
    "FFMC": 95.54611206054689,
    "ISI": 15.725667953491213,
    "BUI": 206.4134521484375,
    "season": {
        "start_month": 5,
        "start_day": 1,
        "end_month": 8,
        "end_day": 31
    },
    "year_range": {
        "start": 2010,
        "end": 2019
    },
    "station_name": "KOOCANUSA"
}