{
    "FFMC": 91.8399688720703,
    "ISI": 10.790193939208983,
    "BUI": 91.0156265258789,
    "season": {
        "start_month": 5,
        "start_day": 1,
        "end_month": 8,
        "end_day": 31
    },
    "year_range": {
        "start": 2010,
        "end": 2019
    },
    "station_name": "DEASE LAKE FS"
}