{
    "FFMC": 90.5645538330078,
    "ISI": 7.680428314208986,
    "BUI": 149.85125427246095,
    "season": {
        "start_month": 5,
        "start_day": 1,
        "end_month": 8,
        "end_day": 31
    },
    "year_range": {
        "start": 2010,
        "end": 2019
    },
    "station_name": "ZZ HASSLER"
}