{
    "FFMC": 93.13205108642578,
    "ISI": 12.037969207763673,
    "BUI": 100.05891494750979,
    "season": {
        "start_month": 5,
        "start_day": 1,
        "end_month": 8,
        "end_day": 31
    },
    "year_range": {
        "start": 2010,
        "end": 2019
    },
    "station_name": "MAYSON"
}