{
    "FFMC": 94.89615249633789,
    "ISI": 13.012556076049805,
    "BUI": 160.86732482910156,
    "season": {
        "start_month": 5,
        "start_day": 1,
        "end_month": 8,
        "end_day": 31
    },
    "years": [
        2010,
        2011,
        2012,
        2013,
        2014,
        2015,
        2016,
        2017,
        2018,
        2019
    ],
    "station_name": "MEAGER CREEK"
}