{
    "FFMC": 94.89615249633789,
    "ISI": 13.012556076049805,
    "BUI": 160.86732482910156,
    "season": {
        "start_month": 5,
        "start_day": 1,
        "end_month": 8,
        "end_day": 31
    },
    "year_range": {
        "start": 2010,
        "end": 2019
    },
    "station_name": "MEAGER CREEK"
}