{
    "FFMC": 93.45906066894531,
    "ISI": 11.894560432434083,
    "BUI": 143.79958648681642,
    "season": {
        "start_month": 5,
        "start_day": 1,
        "end_month": 8,
        "end_day": 31
    },
    "year_range": {
        "start": 2010,
        "end": 2019
    },
    "station_name": "ZZ SIGUTLAT LAKE QD"
}