{
    "FFMC": 91.68678970336914,
    "ISI": 7.046605014801027,
    "BUI": 173.1380584716797,
    "season": {
        "start_month": 5,
        "start_day": 1,
        "end_month": 8,
        "end_day": 31
    },
    "year_range": {
        "start": 2010,
        "end": 2019
    },
    "station_name": "ZZ BATNUNI QD"
}