{
    "FFMC": 90.04441909790039,
    "ISI": 7.944060802459718,
    "BUI": 129.27900695800778,
    "season": {
        "start_month": 5,
        "start_day": 1,
        "end_month": 8,
        "end_day": 31
    },
    "year_range": {
        "start": 2010,
        "end": 2019
    },
    "station_name": "ZZ CURRIE186 QD"
}