{
    "FFMC": 93.59095535278321,
    "ISI": 11.4041166305542,
    "BUI": 100.61030197143555,
    "season": {
        "start_month": 5,
        "start_day": 1,
        "end_month": 8,
        "end_day": 31
    },
    "year_range": {
        "start": 2010,
        "end": 2019
    },
    "station_name": "RORY CREEK"
}