{
    "FFMC": 90.72190856933594,
    "ISI": 6.654181480407715,
    "BUI": 87.04174957275391,
    "season": {
        "start_month": 5,
        "start_day": 1,
        "end_month": 8,
        "end_day": 31
    },
    "years": [
        2010,
        2011,
        2012,
        2013,
        2014,
        2015,
        2016,
        2017,
        2018,
        2019
    ],
    "station_name": "SUMMIT"
}