{
    "FFMC": 90.72190856933594,
    "ISI": 6.654181480407715,
    "BUI": 87.04174957275391,
    "season": {
        "start_month": 5,
        "start_day": 1,
        "end_month": 8,
        "end_day": 31
    },
    "year_range": {
        "start": 2010,
        "end": 2019
    },
    "station_name": "SUMMIT"
}