{
    "FFMC": 91.0774513244629,
    "ISI": 7.8492356300354,
    "BUI": 69.97101516723635,
    "season": {
        "start_month": 5,
        "start_day": 1,
        "end_month": 8,
        "end_day": 31
    },
    "year_range": {
        "start": 2010,
        "end": 2019
    },
    "station_name": "ZZ DEEP CREEK TS"
}