{
    "FFMC": 92.22795486450195,
    "ISI": 10.12633819580078,
    "BUI": 86.45735168457034,
    "season": {
        "start_month": 5,
        "start_day": 1,
        "end_month": 8,
        "end_day": 31
    },
    "year_range": {
        "start": 2010,
        "end": 2019
    },
    "station_name": "ZZ HUPEL"
}