{
    "FFMC": 90.13299560546875,
    "ISI": 9.01500930786133,
    "BUI": 80.15251922607425,
    "season": {
        "start_month": 5,
        "start_day": 1,
        "end_month": 8,
        "end_day": 31
    },
    "year_range": {
        "start": 2010,
        "end": 2019
    },
    "station_name": "ZZ INONOAKLIN"
}