{
    "FFMC": 93.10880889892579,
    "ISI": 13.03766632080078,
    "BUI": 98.32303619384766,
    "season": {
        "start_month": 5,
        "start_day": 1,
        "end_month": 8,
        "end_day": 31
    },
    "years": [
        2011,
        2013
    ],
    "station_name": "ZZ TRAPPING CREEK TEMP"
}