{
    "FFMC": 94.59400329589845,
    "ISI": 12.837848281860353,
    "BUI": 82.84923400878908,
    "season": {
        "start_month": 5,
        "start_day": 1,
        "end_month": 8,
        "end_day": 31
    },
    "year_range": {
        "start": 2010,
        "end": 2019
    },
    "station_name": "BLUE RIVER 2"
}