{
    "FFMC": 90.54555816650391,
    "ISI": 9.772828102111816,
    "BUI": 120.85628509521484,
    "season": {
        "start_month": 5,
        "start_day": 1,
        "end_month": 8,
        "end_day": 31
    },
    "year_range": {
        "start": 2010,
        "end": 2019
    },
    "station_name": "ATLIN"
}