{
    "FFMC": 90.8137176513672,
    "ISI": 12.711899375915525,
    "BUI": 57.73352279663086,
    "season": {
        "start_month": 5,
        "start_day": 1,
        "end_month": 8,
        "end_day": 31
    },
    "year_range": {
        "start": 2010,
        "end": 2019
    },
    "station_name": "ZZ OSPREY PB"
}