{
    "FFMC": 91.88658905029295,
    "ISI": 8.96714019775391,
    "BUI": 101.56389007568362,
    "season": {
        "start_month": 5,
        "start_day": 1,
        "end_month": 8,
        "end_day": 31
    },
    "year_range": {
        "start": 2010,
        "end": 2019
    },
    "station_name": "ISKUT"
}