{
    "FFMC": 93.6486213684082,
    "ISI": 10.978193664550783,
    "BUI": 106.50868225097658,
    "season": {
        "start_month": 5,
        "start_day": 1,
        "end_month": 8,
        "end_day": 31
    },
    "year_range": {
        "start": 2010,
        "end": 2019
    },
    "station_name": "ZZ LARCH HILLS TEMP"
}