{
    "FFMC": 90.50870361328126,
    "ISI": 6.643186092376708,
    "BUI": 62.74895477294922,
    "season": {
        "start_month": 5,
        "start_day": 1,
        "end_month": 8,
        "end_day": 31
    },
    "year_range": {
        "start": 2010,
        "end": 2019
    },
    "station_name": "BOB QUINN LAKE"
}