{
    "FFMC": 94.57757110595703,
    "ISI": 11.895408821105958,
    "BUI": 121.9735191345215,
    "season": {
        "start_month": 5,
        "start_day": 1,
        "end_month": 8,
        "end_day": 31
    },
    "year_range": {
        "start": 2010,
        "end": 2019
    },
    "station_name": "STATION BAY"
}