{
    "FFMC": 93.48004379272462,
    "ISI": 10.327376556396484,
    "BUI": 145.9762725830078,
    "season": {
        "start_month": 5,
        "start_day": 1,
        "end_month": 8,
        "end_day": 31
    },
    "year_range": {
        "start": 2010,
        "end": 2019
    },
    "station_name": "ZZ BUG CAMP CREEK"
}