{
    "FFMC": 81.34597244262696,
    "ISI": 3.055152416229248,
    "BUI": 37.62070083618164,
    "season": {
        "start_month": 5,
        "start_day": 1,
        "end_month": 8,
        "end_day": 31
    },
    "year_range": {
        "start": 2010,
        "end": 2019
    },
    "station_name": "ZZ NAHWITTI TEMP"
}