{
    "FFMC": 89.71392135620117,
    "ISI": 6.343282890319824,
    "BUI": 87.53824920654297,
    "season": {
        "start_month": 5,
        "start_day": 1,
        "end_month": 8,
        "end_day": 31
    },
    "year_range": {
        "start": 2010,
        "end": 2019
    },
    "station_name": "ZZ SKOOKUM CREEK"
}