{
    "FFMC": 93.81531829833983,
    "ISI": 11.541528511047362,
    "BUI": 117.37373199462891,
    "season": {
        "start_month": 5,
        "start_day": 1,
        "end_month": 8,
        "end_day": 31
    },
    "year_range": {
        "start": 2010,
        "end": 2019
    },
    "station_name": "ZZ SKIMMER HORN QD"
}