{
    "FFMC": 93.81531829833983,
    "ISI": 11.541528511047362,
    "BUI": 117.37373199462891,
    "season": {
        "start_month": 5,
        "start_day": 1,
        "end_month": 8,
        "end_day": 31
    },
    "years": [
        2012,
        2013
    ],
    "station_name": "ZZ SKIMMER HORN QD"
}