{
    "FFMC": 92.25108795166015,
    "ISI": 12.58272228240967,
    "BUI": 116.23343505859376,
    "season": {
        "start_month": 5,
        "start_day": 1,
        "end_month": 8,
        "end_day": 31
    },
    "year_range": {
        "start": 2010,
        "end": 2019
    },
    "station_name": "FORD MOUNTAIN"
}