{
    "FFMC": 91.7055694580078,
    "ISI": 9.080188179016114,
    "BUI": 30.590276336669927,
    "season": {
        "start_month": 5,
        "start_day": 1,
        "end_month": 8,
        "end_day": 31
    },
    "year_range": {
        "start": 2010,
        "end": 2019
    },
    "station_name": "ZZ STEWART CREEK QD"
}