{
    "FFMC": 92.75154571533203,
    "ISI": 10.022514820098877,
    "BUI": 105.95063400268555,
    "season": {
        "start_month": 5,
        "start_day": 1,
        "end_month": 8,
        "end_day": 31
    },
    "year_range": {
        "start": 2010,
        "end": 2019
    },
    "station_name": "ZZ SLOQUET TEMP"
}