{
    "FFMC": 91.5818084716797,
    "ISI": 8.567942714691162,
    "BUI": 89.07204208374023,
    "season": {
        "start_month": 5,
        "start_day": 1,
        "end_month": 8,
        "end_day": 31
    },
    "years": [
        2013
    ],
    "station_name": "ZZ MOUNT IDA TEMP"
}