{
    "FFMC": 90.8083709716797,
    "ISI": 9.487093353271485,
    "BUI": 117.23560180664063,
    "season": {
        "start_month": 5,
        "start_day": 1,
        "end_month": 8,
        "end_day": 31
    },
    "year_range": {
        "start": 2010,
        "end": 2019
    },
    "station_name": "ZZ SKEETER LAKE QD"
}