{
    "FFMC": 91.606689453125,
    "ISI": 9.197708129882812,
    "BUI": 96.36476745605471,
    "season": {
        "start_month": 5,
        "start_day": 1,
        "end_month": 8,
        "end_day": 31
    },
    "year_range": {
        "start": 2010,
        "end": 2019
    },
    "station_name": "ZZ PERRYRIDGEQD"
}