{
    "FFMC": 91.73830032348633,
    "ISI": 7.927605628967285,
    "BUI": 58.89031600952149,
    "season": {
        "start_month": 5,
        "start_day": 1,
        "end_month": 8,
        "end_day": 31
    },
    "year_range": {
        "start": 2010,
        "end": 2019
    },
    "station_name": "SEVEREID"
}