{
    "FFMC": 92.91249084472656,
    "ISI": 9.80034770965576,
    "BUI": 32.839884185791014,
    "season": {
        "start_month": 5,
        "start_day": 1,
        "end_month": 8,
        "end_day": 31
    },
    "year_range": {
        "start": 2010,
        "end": 2019
    },
    "station_name": "ZZ COOPER QD"
}