{
    "FFMC": 94.85843353271484,
    "ISI": 13.974288940429688,
    "BUI": 192.33527374267578,
    "season": {
        "start_month": 5,
        "start_day": 1,
        "end_month": 8,
        "end_day": 31
    },
    "years": [
        2014,
        2017
    ],
    "station_name": "ZZ SLEEPY HOLLOW TEMP"
}