{
    "FFMC": 91.9915069580078,
    "ISI": 8.557389926910401,
    "BUI": 34.50562095642089,
    "season": {
        "start_month": 5,
        "start_day": 1,
        "end_month": 8,
        "end_day": 31
    },
    "years": [
        2014
    ],
    "station_name": "ZZ WEST KOKANEE QD"
}