{
    "FFMC": 95.3866180419922,
    "ISI": 12.673916912078859,
    "BUI": 93.96917343139648,
    "season": {
        "start_month": 5,
        "start_day": 1,
        "end_month": 8,
        "end_day": 31
    },
    "year_range": {
        "start": 2010,
        "end": 2019
    },
    "station_name": "ZZ LIZZIE BAY TEMP"
}