{
    "FFMC": 93.96041412353516,
    "ISI": 13.387540340423586,
    "BUI": 115.38750152587889,
    "season": {
        "start_month": 5,
        "start_day": 1,
        "end_month": 8,
        "end_day": 31
    },
    "year_range": {
        "start": 2010,
        "end": 2019
    },
    "station_name": "ZZ RED CREEK TEMP"
}