{
    "FFMC": 94.45550537109376,
    "ISI": 12.996934700012208,
    "BUI": 172.31176605224616,
    "season": {
        "start_month": 5,
        "start_day": 1,
        "end_month": 8,
        "end_day": 31
    },
    "year_range": {
        "start": 2010,
        "end": 2019
    },
    "station_name": "NORTH SLOQUET"
}