{
    "FFMC": 93.15231628417969,
    "ISI": 11.44576244354248,
    "BUI": 138.1811996459961,
    "season": {
        "start_month": 5,
        "start_day": 1,
        "end_month": 8,
        "end_day": 31
    },
    "year_range": {
        "start": 2010,
        "end": 2019
    },
    "station_name": "ZZ CLENDINNING QD"
}