{
    "FFMC": 92.15478591918945,
    "ISI": 9.113301658630371,
    "BUI": 172.20535888671876,
    "season": {
        "start_month": 5,
        "start_day": 1,
        "end_month": 8,
        "end_day": 31
    },
    "year_range": {
        "start": 2010,
        "end": 2019
    },
    "station_name": "ZZ MOGUL CREEK QD"
}