{
    "FFMC": 91.8253318786621,
    "ISI": 8.317217826843263,
    "BUI": 53.26769638061523,
    "season": {
        "start_month": 5,
        "start_day": 1,
        "end_month": 8,
        "end_day": 31
    },
    "year_range": {
        "start": 2010,
        "end": 2019
    },
    "station_name": "ZZ ARTHUR CREEK TEMP"
}