{
    "FFMC": 93.10705718994139,
    "ISI": 11.260087013244627,
    "BUI": 197.7558441162109,
    "season": {
        "start_month": 5,
        "start_day": 1,
        "end_month": 8,
        "end_day": 31
    },
    "year_range": {
        "start": 2010,
        "end": 2019
    },
    "station_name": "ZZ R10070 QD"
}