{
    "FFMC": 89.98978729248047,
    "ISI": 8.986217498779297,
    "BUI": 154.96782684326172,
    "season": {
        "start_month": 5,
        "start_day": 1,
        "end_month": 8,
        "end_day": 31
    },
    "year_range": {
        "start": 2010,
        "end": 2019
    },
    "station_name": "ZZ NARCO QD"
}