{
    "FFMC": 92.32493133544922,
    "ISI": 11.742934226989746,
    "BUI": 65.01983261108398,
    "season": {
        "start_month": 5,
        "start_day": 1,
        "end_month": 8,
        "end_day": 31
    },
    "year_range": {
        "start": 2010,
        "end": 2019
    },
    "station_name": "SILVER"
}