{
    "FFMC": 93.27334594726561,
    "ISI": 13.39418888092041,
    "BUI": 116.93685150146484,
    "season": {
        "start_month": 5,
        "start_day": 1,
        "end_month": 8,
        "end_day": 31
    },
    "year_range": {
        "start": 2010,
        "end": 2019
    },
    "station_name": "DARKWOODS"
}