{
    "FFMC": 92.10248565673828,
    "ISI": 8.791239929199218,
    "BUI": 77.64632873535156,
    "season": {
        "start_month": 5,
        "start_day": 1,
        "end_month": 8,
        "end_day": 31
    },
    "year_range": {
        "start": 2010,
        "end": 2019
    },
    "station_name": "ZZ PROPHET QD"
}