{
    "FFMC": 94.31313934326172,
    "ISI": 18.5061185836792,
    "BUI": 113.7251350402832,
    "season": {
        "start_month": 5,
        "start_day": 1,
        "end_month": 8,
        "end_day": 31
    },
    "years": [
        2015
    ],
    "station_name": "ZZ KIRTON TS"
}