{
    "FFMC": 94.87383041381837,
    "ISI": 14.636611938476564,
    "BUI": 240.80046234130862,
    "season": {
        "start_month": 5,
        "start_day": 1,
        "end_month": 8,
        "end_day": 31
    },
    "years": [
        2015,
        2017
    ],
    "station_name": "ZZ POSTILL LAKE TEMP"
}