{
    "FFMC": 95.74440155029298,
    "ISI": 17.27073440551758,
    "BUI": 153.35430297851562,
    "season": {
        "start_month": 5,
        "start_day": 1,
        "end_month": 8,
        "end_day": 31
    },
    "year_range": {
        "start": 2010,
        "end": 2019
    },
    "station_name": "ZZ CLENDINNING 2 QD"
}