{
    "FFMC": 91.6780303955078,
    "ISI": 6.4147069454193115,
    "BUI": 84.10419845581055,
    "season": {
        "start_month": 5,
        "start_day": 1,
        "end_month": 8,
        "end_day": 31
    },
    "year_range": {
        "start": 2010,
        "end": 2019
    },
    "station_name": "MOUNT CAYLEY"
}