{
    "FFMC": 94.23334503173828,
    "ISI": 12.573139095306395,
    "BUI": 308.6564086914062,
    "season": {
        "start_month": 5,
        "start_day": 1,
        "end_month": 8,
        "end_day": 31
    },
    "year_range": {
        "start": 2010,
        "end": 2019
    },
    "station_name": "ZZ N60584QD"
}