{
    "FFMC": 94.007763671875,
    "ISI": 14.069176959991456,
    "BUI": 103.50116806030273,
    "season": {
        "start_month": 5,
        "start_day": 1,
        "end_month": 8,
        "end_day": 31
    },
    "year_range": {
        "start": 2010,
        "end": 2019
    },
    "station_name": "SASKATCHEWAN CROSSING"
}