{
    "FFMC": 93.00331115722656,
    "ISI": 12.914348793029786,
    "BUI": 95.24257278442388,
    "season": {
        "start_month": 5,
        "start_day": 1,
        "end_month": 8,
        "end_day": 31
    },
    "year_range": {
        "start": 2010,
        "end": 2019
    },
    "station_name": "GRAHAM"
}