{
    "FFMC": 94.70572357177734,
    "ISI": 9.825728607177735,
    "BUI": 118.613346862793,
    "season": {
        "start_month": 5,
        "start_day": 1,
        "end_month": 8,
        "end_day": 31
    },
    "year_range": {
        "start": 2010,
        "end": 2019
    },
    "station_name": "BOULDER CREEK"
}