{
    "FFMC": 94.79276657104492,
    "ISI": 10.21618709564209,
    "BUI": 125.21403808593749,
    "season": {
        "start_month": 5,
        "start_day": 1,
        "end_month": 8,
        "end_day": 31
    },
    "year_range": {
        "start": 2010,
        "end": 2019
    },
    "station_name": "VERMILLION CROSSING"
}