{
    "FFMC": 94.79276657104492,
    "ISI": 10.21618709564209,
    "BUI": 125.21403808593749,
    "season": {
        "start_month": 5,
        "start_day": 1,
        "end_month": 8,
        "end_day": 31
    },
    "years": [
        2016,
        2017,
        2018,
        2019
    ],
    "station_name": "VERMILLION CROSSING"
}