{
    "FFMC": 91.38484954833983,
    "ISI": 10.831476402282714,
    "BUI": 168.69212951660154,
    "season": {
        "start_month": 5,
        "start_day": 1,
        "end_month": 8,
        "end_day": 31
    },
    "year_range": {
        "start": 2010,
        "end": 2019
    },
    "station_name": "ZZ COBBLE HILL TEST"
}