{
    "FFMC": 92.63936614990234,
    "ISI": 10.528094673156744,
    "BUI": 117.52234039306644,
    "season": {
        "start_month": 5,
        "start_day": 1,
        "end_month": 8,
        "end_day": 31
    },
    "years": [
        2016
    ],
    "station_name": "ZZ WHISTLER TEMP"
}