{
    "FFMC": 91.92039947509767,
    "ISI": 10.282065773010254,
    "BUI": 76.5333969116211,
    "season": {
        "start_month": 5,
        "start_day": 1,
        "end_month": 8,
        "end_day": 31
    },
    "year_range": {
        "start": 2010,
        "end": 2019
    },
    "station_name": "ZZ LOST CHAIN TS"
}