{
    "FFMC": 92.41302337646485,
    "ISI": 8.822017669677734,
    "BUI": 69.7614517211914,
    "season": {
        "start_month": 5,
        "start_day": 1,
        "end_month": 8,
        "end_day": 31
    },
    "year_range": {
        "start": 2010,
        "end": 2019
    },
    "station_name": "ZZ ICE BOX TS"
}