{
    "FFMC": 92.18375396728514,
    "ISI": 11.722504997253418,
    "BUI": 78.4585189819336,
    "season": {
        "start_month": 5,
        "start_day": 1,
        "end_month": 8,
        "end_day": 31
    },
    "year_range": {
        "start": 2010,
        "end": 2019
    },
    "station_name": "ZZ MISSION RIDGE TS"
}