{
    "FFMC": 92.88910903930665,
    "ISI": 11.391109466552734,
    "BUI": 85.68159484863281,
    "season": {
        "start_month": 5,
        "start_day": 1,
        "end_month": 8,
        "end_day": 31
    },
    "year_range": {
        "start": 2010,
        "end": 2019
    },
    "station_name": "TOAD RIVER"
}