{
    "FFMC": 95.28719024658201,
    "ISI": 11.3558687210083,
    "BUI": 220.37627563476562,
    "season": {
        "start_month": 5,
        "start_day": 1,
        "end_month": 8,
        "end_day": 31
    },
    "year_range": {
        "start": 2010,
        "end": 2019
    },
    "station_name": "ONE MILE"
}