{
    "FFMC": 95.42593688964844,
    "ISI": 13.17920093536377,
    "BUI": 101.38206939697265,
    "season": {
        "start_month": 5,
        "start_day": 1,
        "end_month": 8,
        "end_day": 31
    },
    "year_range": {
        "start": 2010,
        "end": 2019
    },
    "station_name": "FIDELITY"
}