{
    "FFMC": 95.09554901123047,
    "ISI": 12.265107345581054,
    "BUI": 134.14254455566405,
    "season": {
        "start_month": 5,
        "start_day": 1,
        "end_month": 8,
        "end_day": 31
    },
    "year_range": {
        "start": 2010,
        "end": 2019
    },
    "station_name": "LOWER BEAVER"
}