{
    "FFMC": 89.92300109863281,
    "ISI": 7.065392398834229,
    "BUI": 93.6248908996582,
    "season": {
        "start_month": 5,
        "start_day": 1,
        "end_month": 8,
        "end_day": 31
    },
    "year_range": {
        "start": 2010,
        "end": 2019
    },
    "station_name": "ZZ OLD FADDY QD"
}