{
    "FFMC": 94.28027114868163,
    "ISI": 14.114084243774414,
    "BUI": 95.8186264038086,
    "season": {
        "start_month": 5,
        "start_day": 1,
        "end_month": 8,
        "end_day": 31
    },
    "year_range": {
        "start": 2010,
        "end": 2019
    },
    "station_name": "VALEMOUNT AIRPORT"
}