{
    "FFMC": 92.4432830810547,
    "ISI": 12.407711410522463,
    "BUI": 86.76119613647461,
    "season": {
        "start_month": 5,
        "start_day": 1,
        "end_month": 8,
        "end_day": 31
    },
    "year_range": {
        "start": 2010,
        "end": 2019
    },
    "station_name": "TUMBLER(DENISON) HUB"
}