{
    "FFMC": 92.60483245849609,
    "ISI": 10.567092323303225,
    "BUI": 99.37513427734378,
    "season": {
        "start_month": 5,
        "start_day": 1,
        "end_month": 8,
        "end_day": 31
    },
    "year_range": {
        "start": 2010,
        "end": 2019
    },
    "station_name": "OLD FADDY"
}