{
    "FFMC": 92.07363891601562,
    "ISI": 8.34830617904663,
    "BUI": 60.539175415039075,
    "season": {
        "start_month": 5,
        "start_day": 1,
        "end_month": 8,
        "end_day": 31
    },
    "year_range": {
        "start": 2010,
        "end": 2019
    },
    "station_name": "APE LAKE"
}