{
    "FFMC": 94.91934204101562,
    "ISI": 14.938431739807127,
    "BUI": 316.58978271484375,
    "season": {
        "start_month": 5,
        "start_day": 1,
        "end_month": 8,
        "end_day": 31
    },
    "year_range": {
        "start": 2010,
        "end": 2019
    },
    "station_name": "WEST KELOWNA"
}