{
    "FFMC": 85.4484130859375,
    "ISI": 5.135534763336182,
    "BUI": 29.984974670410157,
    "season": {
        "start_month": 5,
        "start_day": 1,
        "end_month": 8,
        "end_day": 31
    },
    "year_range": {
        "start": 2010,
        "end": 2019
    },
    "station_name": "ZZ RED HILLS PB QD"
}