{
    "FFMC": 84.74654235839844,
    "ISI": 2.6741372585296634,
    "BUI": 21.577311325073243,
    "season": {
        "start_month": 5,
        "start_day": 1,
        "end_month": 8,
        "end_day": 31
    },
    "year_range": {
        "start": 2010,
        "end": 2019
    },
    "station_name": "HOPE CRK QD"
}