{
    "FFMC": 89.2813591003418,
    "ISI": 7.008056926727295,
    "BUI": 162.69494934082033,
    "season": {
        "start_month": 5,
        "start_day": 1,
        "end_month": 8,
        "end_day": 31
    },
    "years": [
        2017,
        2018
    ],
    "station_name": "ZZ SALTSPRING 3"
}