{
    "FFMC": 80.50179824829101,
    "ISI": 2.244631063938141,
    "BUI": 42.349876403808594,
    "season": {
        "start_month": 5,
        "start_day": 1,
        "end_month": 8,
        "end_day": 31
    },
    "year_range": {
        "start": 2010,
        "end": 2019
    },
    "station_name": "ZZ HOOKER CREEK QD"
}