{
    "FFMC": 92.16579055786133,
    "ISI": 10.08771562576294,
    "BUI": 76.57085723876955,
    "season": {
        "start_month": 5,
        "start_day": 1,
        "end_month": 8,
        "end_day": 31
    },
    "year_range": {
        "start": 2010,
        "end": 2019
    },
    "station_name": "PINK MOUNTAIN"
}