{
    "FFMC": 95.66300354003907,
    "ISI": 17.31012763977051,
    "BUI": 307.94345092773443,
    "season": {
        "start_month": 5,
        "start_day": 1,
        "end_month": 8,
        "end_day": 31
    },
    "year_range": {
        "start": 2010,
        "end": 2019
    },
    "station_name": "ZZBRITTON CREEK TEMP"
}