{
    "FFMC": 94.70980377197266,
    "ISI": 17.530398178100587,
    "BUI": 349.61761474609375,
    "season": {
        "start_month": 5,
        "start_day": 1,
        "end_month": 8,
        "end_day": 31
    },
    "year_range": {
        "start": 2010,
        "end": 2019
    },
    "station_name": "ZZ CACHE CREEK AIRPORT QD"
}