{
    "FFMC": 94.4574981689453,
    "ISI": 21.488882064819336,
    "BUI": 254.4668731689453,
    "season": {
        "start_month": 5,
        "start_day": 1,
        "end_month": 8,
        "end_day": 31
    },
    "years": [
        2017
    ],
    "station_name": "ZZ KLEENA KLEENE QD"
}