{
    "FFMC": 94.1402816772461,
    "ISI": 16.046956825256345,
    "BUI": 173.4165451049805,
    "season": {
        "start_month": 5,
        "start_day": 1,
        "end_month": 8,
        "end_day": 31
    },
    "year_range": {
        "start": 2010,
        "end": 2019
    },
    "station_name": "ZZ TZENZAICUT QD"
}