{
    "FFMC": 93.1762924194336,
    "ISI": 9.119380569458007,
    "BUI": 165.1619873046875,
    "season": {
        "start_month": 5,
        "start_day": 1,
        "end_month": 8,
        "end_day": 31
    },
    "years": [
        2017
    ],
    "station_name": "ZZ HARROP CREEK QD"
}