{
    "FFMC": 92.30194244384765,
    "ISI": 12.789223861694339,
    "BUI": 64.70319519042968,
    "season": {
        "start_month": 5,
        "start_day": 1,
        "end_month": 8,
        "end_day": 31
    },
    "year_range": {
        "start": 2010,
        "end": 2019
    },
    "station_name": "MUSKWA"
}