{
    "FFMC": 91.22900314331055,
    "ISI": 5.539300918579102,
    "BUI": 58.43547058105469,
    "season": {
        "start_month": 5,
        "start_day": 1,
        "end_month": 8,
        "end_day": 31
    },
    "year_range": {
        "start": 2010,
        "end": 2019
    },
    "station_name": "TETRAHEDRON"
}