{
    "FFMC": 91.0091323852539,
    "ISI": 8.861077308654785,
    "BUI": 25.53171348571777,
    "season": {
        "start_month": 5,
        "start_day": 1,
        "end_month": 8,
        "end_day": 31
    },
    "year_range": {
        "start": 2010,
        "end": 2019
    },
    "station_name": "HOPE CREEK II QD"
}