{
    "FFMC": 92.02000732421875,
    "ISI": 9.323391914367676,
    "BUI": 96.01089096069336,
    "season": {
        "start_month": 5,
        "start_day": 1,
        "end_month": 8,
        "end_day": 31
    },
    "year_range": {
        "start": 2010,
        "end": 2019
    },
    "station_name": "ZZ K20351 QD"
}