{
    "FFMC": 92.33187103271484,
    "ISI": 12.256677818298341,
    "BUI": 114.04046173095705,
    "season": {
        "start_month": 5,
        "start_day": 1,
        "end_month": 8,
        "end_day": 31
    },
    "year_range": {
        "start": 2010,
        "end": 2019
    },
    "station_name": "HUDSON HOPE"
}