{
    "FFMC": 92.51364440917969,
    "ISI": 8.666396713256837,
    "BUI": 122.55143585205077,
    "season": {
        "start_month": 5,
        "start_day": 1,
        "end_month": 8,
        "end_day": 31
    },
    "year_range": {
        "start": 2010,
        "end": 2019
    },
    "station_name": "LARCH HILLS WEST"
}