{
    "FFMC": 95.9547607421875,
    "ISI": 17.638191604614256,
    "BUI": 270.6001342773437,
    "season": {
        "start_month": 5,
        "start_day": 1,
        "end_month": 8,
        "end_day": 31
    },
    "year_range": {
        "start": 2010,
        "end": 2019
    },
    "station_name": "INKANEEP EXT"
}