{
    "FFMC": 92.33617095947267,
    "ISI": 8.695379066467286,
    "BUI": 96.35887298583985,
    "season": {
        "start_month": 5,
        "start_day": 1,
        "end_month": 8,
        "end_day": 31
    },
    "year_range": {
        "start": 2010,
        "end": 2019
    },
    "station_name": "FOUR BARREL TEST"
}