{
    "FFMC": 93.79045867919922,
    "ISI": 11.401589107513425,
    "BUI": 234.3203063964844,
    "season": {
        "start_month": 5,
        "start_day": 1,
        "end_month": 8,
        "end_day": 31
    },
    "year_range": {
        "start": 2010,
        "end": 2019
    },
    "station_name": "ZZ MEACHEN QD"
}