{
    "FFMC": 91.65668029785157,
    "ISI": 7.686111068725586,
    "BUI": 260.95505981445314,
    "season": {
        "start_month": 5,
        "start_day": 1,
        "end_month": 8,
        "end_day": 31
    },
    "years": [
        2018
    ],
    "station_name": "SYRINGA QD"
}