{
    "FFMC": 90.08819580078126,
    "ISI": 9.100570678710938,
    "BUI": 29.763238906860355,
    "season": {
        "start_month": 5,
        "start_day": 1,
        "end_month": 8,
        "end_day": 31
    },
    "year_range": {
        "start": 2010,
        "end": 2019
    },
    "station_name": "VAN HOUTEN QD"
}