{
    "FFMC": 88.63962249755859,
    "ISI": 7.098704051971436,
    "BUI": 20.38771286010742,
    "season": {
        "start_month": 5,
        "start_day": 1,
        "end_month": 8,
        "end_day": 31
    },
    "year_range": {
        "start": 2010,
        "end": 2019
    },
    "station_name": "GOAT QD"
}