{
    "FFMC": 91.96862716674805,
    "ISI": 12.073416137695313,
    "BUI": 86.92806243896484,
    "season": {
        "start_month": 5,
        "start_day": 1,
        "end_month": 8,
        "end_day": 31
    },
    "year_range": {
        "start": 2010,
        "end": 2019
    },
    "station_name": "WONOWON"
}