{
    "FFMC": 91.54756164550781,
    "ISI": 10.372609519958496,
    "BUI": 76.15341339111329,
    "season": {
        "start_month": 5,
        "start_day": 1,
        "end_month": 8,
        "end_day": 31
    },
    "year_range": {
        "start": 2010,
        "end": 2019
    },
    "station_name": "RED DEER"
}