{
    "FFMC": 92.46250915527344,
    "ISI": 9.69255256652832,
    "BUI": 94.39270782470705,
    "season": {
        "start_month": 5,
        "start_day": 1,
        "end_month": 8,
        "end_day": 31
    },
    "year_range": {
        "start": 2010,
        "end": 2019
    },
    "station_name": "LEMORAY"
}