{
    "FFMC": 92.63580932617188,
    "ISI": 8.768372821807862,
    "BUI": 91.11735992431642,
    "season": {
        "start_month": 5,
        "start_day": 1,
        "end_month": 8,
        "end_day": 31
    },
    "year_range": {
        "start": 2010,
        "end": 2019
    },
    "station_name": "MANSON"
}