{
    "FFMC": 92.0272430419922,
    "ISI": 8.215152740478516,
    "BUI": 71.64798736572266,
    "season": {
        "start_month": 5,
        "start_day": 1,
        "end_month": 8,
        "end_day": 31
    },
    "year_range": {
        "start": 2010,
        "end": 2019
    },
    "station_name": "TABLE RIVER"
}