{
    "FFMC": 93.38439483642577,
    "ISI": 11.30512752532959,
    "BUI": 89.6650131225586,
    "season": {
        "start_month": 5,
        "start_day": 1,
        "end_month": 8,
        "end_day": 31
    },
    "year_range": {
        "start": 2010,
        "end": 2019
    },
    "station_name": "INGENIKA POINT"
}