{
    "FFMC": 92.40988159179688,
    "ISI": 10.661570072174072,
    "BUI": 114.44174575805664,
    "season": {
        "start_month": 5,
        "start_day": 1,
        "end_month": 8,
        "end_day": 31
    },
    "year_range": {
        "start": 2010,
        "end": 2019
    },
    "station_name": "FORT ST JAMES"
}