{
    "FFMC": 92.0350730895996,
    "ISI": 9.586279487609865,
    "BUI": 86.43829650878907,
    "season": {
        "start_month": 5,
        "start_day": 1,
        "end_month": 8,
        "end_day": 31
    },
    "year_range": {
        "start": 2010,
        "end": 2019
    },
    "station_name": "BLACKPINE"
}