{
    "FFMC": 92.00695190429687,
    "ISI": 13.680792140960692,
    "BUI": 91.94290390014645,
    "season": {
        "start_month": 5,
        "start_day": 1,
        "end_month": 8,
        "end_day": 31
    },
    "year_range": {
        "start": 2010,
        "end": 2019
    },
    "station_name": "NABESHE"
}