{
    "FFMC": 91.55602645874023,
    "ISI": 9.328161525726319,
    "BUI": 72.13996810913086,
    "season": {
        "start_month": 5,
        "start_day": 1,
        "end_month": 8,
        "end_day": 31
    },
    "year_range": {
        "start": 2010,
        "end": 2019
    },
    "station_name": "SIFTON"
}