{
    "FFMC": 91.95213012695312,
    "ISI": 9.3174334526062,
    "BUI": 89.26419830322267,
    "season": {
        "start_month": 5,
        "start_day": 1,
        "end_month": 8,
        "end_day": 31
    },
    "year_range": {
        "start": 2010,
        "end": 2019
    },
    "station_name": "MCLEOD LAKE"
}