{
    "FFMC": 91.87298126220703,
    "ISI": 8.94692001342774,
    "BUI": 93.34153747558594,
    "season": {
        "start_month": 5,
        "start_day": 1,
        "end_month": 8,
        "end_day": 31
    },
    "year_range": {
        "start": 2010,
        "end": 2019
    },
    "station_name": "MACKENZIE FS"
}