{
    "FFMC": 91.91959762573242,
    "ISI": 10.282456970214849,
    "BUI": 81.24984054565432,
    "season": {
        "start_month": 5,
        "start_day": 1,
        "end_month": 8,
        "end_day": 31
    },
    "year_range": {
        "start": 2010,
        "end": 2019
    },
    "station_name": "SUSTUT"
}