{
    "FFMC": 91.90765380859375,
    "ISI": 12.56254243850708,
    "BUI": 122.62725448608398,
    "season": {
        "start_month": 5,
        "start_day": 1,
        "end_month": 8,
        "end_day": 31
    },
    "year_range": {
        "start": 2010,
        "end": 2019
    },
    "station_name": "VANDERHOOF HUB"
}