{
    "FFMC": 92.55415649414063,
    "ISI": 9.828004455566406,
    "BUI": 109.93407135009764,
    "season": {
        "start_month": 5,
        "start_day": 1,
        "end_month": 8,
        "end_day": 31
    },
    "year_range": {
        "start": 2010,
        "end": 2019
    },
    "station_name": "NORTH CHILCO"
}