{
    "FFMC": 91.89895782470703,
    "ISI": 9.723833370208741,
    "BUI": 113.93073806762695,
    "season": {
        "start_month": 5,
        "start_day": 1,
        "end_month": 8,
        "end_day": 31
    },
    "years": [
        2010,
        2011,
        2012,
        2013,
        2014,
        2015,
        2016,
        2017,
        2018,
        2019
    ],
    "station_name": "GRASSY PLAINS HUB"
}