{
    "FFMC": 91.89895782470703,
    "ISI": 9.723833370208741,
    "BUI": 113.93073806762695,
    "season": {
        "start_month": 5,
        "start_day": 1,
        "end_month": 8,
        "end_day": 31
    },
    "year_range": {
        "start": 2010,
        "end": 2019
    },
    "station_name": "GRASSY PLAINS HUB"
}