{
    "FFMC": 91.59347534179688,
    "ISI": 8.077962875366211,
    "BUI": 87.33924102783203,
    "season": {
        "start_month": 5,
        "start_day": 1,
        "end_month": 8,
        "end_day": 31
    },
    "year_range": {
        "start": 2010,
        "end": 2019
    },
    "station_name": "LOVELL COVE"
}