{
    "FFMC": 92.9955062866211,
    "ISI": 10.451816940307618,
    "BUI": 122.25759735107428,
    "season": {
        "start_month": 5,
        "start_day": 1,
        "end_month": 8,
        "end_day": 31
    },
    "year_range": {
        "start": 2010,
        "end": 2019
    },
    "station_name": "MOOSE LAKE"
}