{
    "FFMC": 92.77709579467773,
    "ISI": 10.168504905700683,
    "BUI": 99.2917999267578,
    "season": {
        "start_month": 5,
        "start_day": 1,
        "end_month": 8,
        "end_day": 31
    },
    "year_range": {
        "start": 2010,
        "end": 2019
    },
    "station_name": "KLUSKUS"
}