{
    "FFMC": 92.16053771972656,
    "ISI": 8.49375057220459,
    "BUI": 119.8118423461914,
    "season": {
        "start_month": 5,
        "start_day": 1,
        "end_month": 8,
        "end_day": 31
    },
    "year_range": {
        "start": 2010,
        "end": 2019
    },
    "station_name": "UPPER FULTON"
}