{
    "FFMC": 92.77927017211914,
    "ISI": 10.173979949951173,
    "BUI": 124.94189453125,
    "season": {
        "start_month": 5,
        "start_day": 1,
        "end_month": 8,
        "end_day": 31
    },
    "year_range": {
        "start": 2010,
        "end": 2019
    },
    "station_name": "EAST OOTSA"
}