{
    "FFMC": 92.72496032714844,
    "ISI": 9.825488090515137,
    "BUI": 118.2099609375,
    "season": {
        "start_month": 5,
        "start_day": 1,
        "end_month": 8,
        "end_day": 31
    },
    "year_range": {
        "start": 2010,
        "end": 2019
    },
    "station_name": "LEO CREEK"
}