{
    "FFMC": 92.38748550415039,
    "ISI": 9.635744285583497,
    "BUI": 106.52930450439453,
    "season": {
        "start_month": 5,
        "start_day": 1,
        "end_month": 8,
        "end_day": 31
    },
    "year_range": {
        "start": 2010,
        "end": 2019
    },
    "station_name": "BEDNESTI"
}