{
    "FFMC": 92.5470962524414,
    "ISI": 10.774365425109863,
    "BUI": 143.26229095458984,
    "season": {
        "start_month": 5,
        "start_day": 1,
        "end_month": 8,
        "end_day": 31
    },
    "year_range": {
        "start": 2010,
        "end": 2019
    },
    "station_name": "PEDEN"
}