{
    "FFMC": 92.94157257080077,
    "ISI": 10.550308799743654,
    "BUI": 124.41314392089845,
    "season": {
        "start_month": 5,
        "start_day": 1,
        "end_month": 8,
        "end_day": 31
    },
    "year_range": {
        "start": 2010,
        "end": 2019
    },
    "station_name": "NADINA"
}