{
    "FFMC": 92.47226104736328,
    "ISI": 9.701792335510255,
    "BUI": 137.53353881835938,
    "season": {
        "start_month": 5,
        "start_day": 1,
        "end_month": 8,
        "end_day": 31
    },
    "year_range": {
        "start": 2010,
        "end": 2019
    },
    "station_name": "MCBRIDE LAKE"
}