{
    "FFMC": 92.41597213745118,
    "ISI": 10.82064437866211,
    "BUI": 95.7356414794922,
    "season": {
        "start_month": 5,
        "start_day": 1,
        "end_month": 8,
        "end_day": 31
    },
    "year_range": {
        "start": 2010,
        "end": 2019
    },
    "station_name": "BURNS LAKE 850M"
}