{
    "FFMC": 91.33465347290038,
    "ISI": 8.090405464172362,
    "BUI": 91.10971069335938,
    "season": {
        "start_month": 5,
        "start_day": 1,
        "end_month": 8,
        "end_day": 31
    },
    "years": [
        2010,
        2011,
        2012,
        2013,
        2014,
        2015,
        2016,
        2017,
        2018,
        2019
    ],
    "station_name": "GANOKWA"
}