{
    "FFMC": 91.33465347290038,
    "ISI": 8.090405464172362,
    "BUI": 91.10971069335938,
    "season": {
        "start_month": 5,
        "start_day": 1,
        "end_month": 8,
        "end_day": 31
    },
    "year_range": {
        "start": 2010,
        "end": 2019
    },
    "station_name": "GANOKWA"
}