{
    "FFMC": 91.94765014648438,
    "ISI": 9.504416751861575,
    "BUI": 100.47341003417971,
    "season": {
        "start_month": 5,
        "start_day": 1,
        "end_month": 8,
        "end_day": 31
    },
    "year_range": {
        "start": 2010,
        "end": 2019
    },
    "station_name": "PARROTT"
}