{
    "FFMC": 92.31120681762695,
    "ISI": 8.46333637237549,
    "BUI": 90.05872955322266,
    "season": {
        "start_month": 5,
        "start_day": 1,
        "end_month": 8,
        "end_day": 31
    },
    "year_range": {
        "start": 2010,
        "end": 2019
    },
    "station_name": "HIXON"
}