{
    "FFMC": 93.72510986328126,
    "ISI": 11.421617698669431,
    "BUI": 127.44321136474609,
    "season": {
        "start_month": 5,
        "start_day": 1,
        "end_month": 8,
        "end_day": 31
    },
    "year_range": {
        "start": 2010,
        "end": 2019
    },
    "station_name": "CHILAKO"
}