{
    "FFMC": 92.39443359375001,
    "ISI": 9.001711463928224,
    "BUI": 131.6053573608399,
    "season": {
        "start_month": 5,
        "start_day": 1,
        "end_month": 8,
        "end_day": 31
    },
    "year_range": {
        "start": 2010,
        "end": 2019
    },
    "station_name": "MENZIES CAMP"
}