{
    "FFMC": 92.53943328857422,
    "ISI": 9.320036125183105,
    "BUI": 73.11483459472657,
    "season": {
        "start_month": 5,
        "start_day": 1,
        "end_month": 8,
        "end_day": 31
    },
    "year_range": {
        "start": 2010,
        "end": 2019
    },
    "station_name": "JERRY"
}