{
    "FFMC": 91.76487426757812,
    "ISI": 7.9504382133483915,
    "BUI": 64.4230865478516,
    "season": {
        "start_month": 5,
        "start_day": 1,
        "end_month": 8,
        "end_day": 31
    },
    "years": [
        2010,
        2011,
        2012,
        2013,
        2014,
        2015,
        2016,
        2017,
        2018,
        2019
    ],
    "station_name": "MCGREGOR 2"
}