{
    "FFMC": 91.76487426757812,
    "ISI": 7.9504382133483915,
    "BUI": 64.4230865478516,
    "season": {
        "start_month": 5,
        "start_day": 1,
        "end_month": 8,
        "end_day": 31
    },
    "year_range": {
        "start": 2010,
        "end": 2019
    },
    "station_name": "MCGREGOR 2"
}