{
    "FFMC": 93.0500030517578,
    "ISI": 9.45251178741455,
    "BUI": 68.73155975341797,
    "season": {
        "start_month": 5,
        "start_day": 1,
        "end_month": 8,
        "end_day": 31
    },
    "year_range": {
        "start": 2010,
        "end": 2019
    },
    "station_name": "BOWRON HAGGEN"
}