{
    "FFMC": 94.38123931884766,
    "ISI": 12.308818435668947,
    "BUI": 105.54862365722659,
    "season": {
        "start_month": 5,
        "start_day": 1,
        "end_month": 8,
        "end_day": 31
    },
    "years": [
        2010,
        2011,
        2012,
        2013,
        2014,
        2015,
        2016,
        2017,
        2018,
        2019
    ],
    "station_name": "VALEMOUNT HUB"
}