{
    "FFMC": 94.38123931884766,
    "ISI": 12.308818435668947,
    "BUI": 105.54862365722659,
    "season": {
        "start_month": 5,
        "start_day": 1,
        "end_month": 8,
        "end_day": 31
    },
    "year_range": {
        "start": 2010,
        "end": 2019
    },
    "station_name": "VALEMOUNT HUB"
}