{
    "FFMC": 92.09416198730469,
    "ISI": 9.881709575653076,
    "BUI": 81.88383483886719,
    "season": {
        "start_month": 5,
        "start_day": 1,
        "end_month": 8,
        "end_day": 31
    },
    "year_range": {
        "start": 2010,
        "end": 2019
    },
    "station_name": "MCBRIDE"
}