{
    "FFMC": 92.99161911010742,
    "ISI": 9.35179405212402,
    "BUI": 70.48932037353515,
    "season": {
        "start_month": 5,
        "start_day": 1,
        "end_month": 8,
        "end_day": 31
    },
    "year_range": {
        "start": 2010,
        "end": 2019
    },
    "station_name": "VALEMOUNT 2"
}