{
    "FFMC": 93.4590576171875,
    "ISI": 12.090191268920899,
    "BUI": 124.33843154907227,
    "season": {
        "start_month": 5,
        "start_day": 1,
        "end_month": 8,
        "end_day": 31
    },
    "year_range": {
        "start": 2010,
        "end": 2019
    },
    "station_name": "TAUTRI"
}