{
    "FFMC": 94.01324081420898,
    "ISI": 13.070677757263184,
    "BUI": 189.61073303222656,
    "season": {
        "start_month": 5,
        "start_day": 1,
        "end_month": 8,
        "end_day": 31
    },
    "year_range": {
        "start": 2010,
        "end": 2019
    },
    "station_name": "TATLA LAKE HUB"
}