{
    "FFMC": 94.14168930053712,
    "ISI": 13.55373239517212,
    "BUI": 172.50096893310547,
    "season": {
        "start_month": 5,
        "start_day": 1,
        "end_month": 8,
        "end_day": 31
    },
    "year_range": {
        "start": 2010,
        "end": 2019
    },
    "station_name": "ALEXIS CREEK"
}