{
    "FFMC": 93.32318878173828,
    "ISI": 11.3778790473938,
    "BUI": 121.12678222656255,
    "season": {
        "start_month": 5,
        "start_day": 1,
        "end_month": 8,
        "end_day": 31
    },
    "year_range": {
        "start": 2010,
        "end": 2019
    },
    "station_name": "NAZKO"
}