{
    "FFMC": 93.75714645385742,
    "ISI": 11.58807373046875,
    "BUI": 124.20988464355469,
    "season": {
        "start_month": 5,
        "start_day": 1,
        "end_month": 8,
        "end_day": 31
    },
    "year_range": {
        "start": 2010,
        "end": 2019
    },
    "station_name": "PLACE LAKE"
}