{
    "FFMC": 92.77733917236328,
    "ISI": 11.56485118865967,
    "BUI": 158.05083312988282,
    "season": {
        "start_month": 5,
        "start_day": 1,
        "end_month": 8,
        "end_day": 31
    },
    "year_range": {
        "start": 2010,
        "end": 2019
    },
    "station_name": "ANAHIM LAKE HUB"
}