{
    "FFMC": 93.03634185791014,
    "ISI": 12.785578536987305,
    "BUI": 142.12117614746094,
    "season": {
        "start_month": 5,
        "start_day": 1,
        "end_month": 8,
        "end_day": 31
    },
    "year_range": {
        "start": 2010,
        "end": 2019
    },
    "station_name": "NEMIAH"
}