{
    "FFMC": 92.84102249145508,
    "ISI": 11.261999511718749,
    "BUI": 123.21167602539062,
    "season": {
        "start_month": 5,
        "start_day": 1,
        "end_month": 8,
        "end_day": 31
    },
    "year_range": {
        "start": 2010,
        "end": 2019
    },
    "station_name": "LONE BUTTE"
}