{
    "FFMC": 92.72798919677734,
    "ISI": 12.12201900482178,
    "BUI": 125.43716125488282,
    "season": {
        "start_month": 5,
        "start_day": 1,
        "end_month": 8,
        "end_day": 31
    },
    "year_range": {
        "start": 2010,
        "end": 2019
    },
    "station_name": "BALDFACE"
}