{
    "FFMC": 92.3209732055664,
    "ISI": 13.138701915740969,
    "BUI": 100.2544044494629,
    "season": {
        "start_month": 5,
        "start_day": 1,
        "end_month": 8,
        "end_day": 31
    },
    "year_range": {
        "start": 2010,
        "end": 2019
    },
    "station_name": "GASPARD"
}