{
    "FFMC": 94.06221389770508,
    "ISI": 11.949206066131596,
    "BUI": 132.9626373291016,
    "season": {
        "start_month": 5,
        "start_day": 1,
        "end_month": 8,
        "end_day": 31
    },
    "year_range": {
        "start": 2010,
        "end": 2019
    },
    "station_name": "KNIFE"
}