{
    "FFMC": 92.45757064819337,
    "ISI": 9.33346576690674,
    "BUI": 94.05747222900392,
    "season": {
        "start_month": 5,
        "start_day": 1,
        "end_month": 8,
        "end_day": 31
    },
    "year_range": {
        "start": 2010,
        "end": 2019
    },
    "station_name": "GAVIN"
}