{
    "FFMC": 93.54425811767578,
    "ISI": 11.102378082275392,
    "BUI": 112.9467758178711,
    "season": {
        "start_month": 5,
        "start_day": 1,
        "end_month": 8,
        "end_day": 31
    },
    "year_range": {
        "start": 2010,
        "end": 2019
    },
    "station_name": "HORSEFLY"
}