{
    "FFMC": 93.86441345214844,
    "ISI": 12.095869064331055,
    "BUI": 91.12848281860352,
    "season": {
        "start_month": 5,
        "start_day": 1,
        "end_month": 8,
        "end_day": 31
    },
    "years": [
        2010,
        2011,
        2012,
        2013,
        2014,
        2015,
        2016,
        2017,
        2018,
        2019
    ],
    "station_name": "COLDSCAUR LAKE"
}