{
    "FFMC": 93.86441345214844,
    "ISI": 12.095869064331055,
    "BUI": 91.12848281860352,
    "season": {
        "start_month": 5,
        "start_day": 1,
        "end_month": 8,
        "end_day": 31
    },
    "year_range": {
        "start": 2010,
        "end": 2019
    },
    "station_name": "COLDSCAUR LAKE"
}