{
    "FFMC": 93.38050537109375,
    "ISI": 9.430573272705079,
    "BUI": 156.55193786621095,
    "season": {
        "start_month": 5,
        "start_day": 1,
        "end_month": 8,
        "end_day": 31
    },
    "year_range": {
        "start": 2010,
        "end": 2019
    },
    "station_name": "TALCHAKO"
}