{
    "FFMC": 92.53269577026367,
    "ISI": 9.308384132385255,
    "BUI": 91.39725570678713,
    "season": {
        "start_month": 5,
        "start_day": 1,
        "end_month": 8,
        "end_day": 31
    },
    "year_range": {
        "start": 2010,
        "end": 2019
    },
    "station_name": "TIMOTHY"
}