{
    "FFMC": 94.7785530090332,
    "ISI": 11.448588562011718,
    "BUI": 131.90250701904296,
    "season": {
        "start_month": 5,
        "start_day": 1,
        "end_month": 8,
        "end_day": 31
    },
    "year_range": {
        "start": 2010,
        "end": 2019
    },
    "station_name": "CLEARWATER HUB"
}