{
    "FFMC": 94.20117950439452,
    "ISI": 11.05074577331543,
    "BUI": 127.37045516967774,
    "season": {
        "start_month": 5,
        "start_day": 1,
        "end_month": 8,
        "end_day": 31
    },
    "year_range": {
        "start": 2010,
        "end": 2019
    },
    "station_name": "EAST BARRIERE"
}