{
    "FFMC": 92.82430419921874,
    "ISI": 11.70385150909424,
    "BUI": 85.10911712646485,
    "season": {
        "start_month": 5,
        "start_day": 1,
        "end_month": 8,
        "end_day": 31
    },
    "year_range": {
        "start": 2010,
        "end": 2019
    },
    "station_name": "WINDY MOUNTAIN"
}