{
    "FFMC": 92.31767272949219,
    "ISI": 9.223885917663575,
    "BUI": 61.889195251464855,
    "season": {
        "start_month": 5,
        "start_day": 1,
        "end_month": 8,
        "end_day": 31
    },
    "year_range": {
        "start": 2010,
        "end": 2019
    },
    "station_name": "HARBOUR LAKE"
}