{
    "FFMC": 92.37993927001955,
    "ISI": 9.063730239868164,
    "BUI": 87.39112701416016,
    "season": {
        "start_month": 5,
        "start_day": 1,
        "end_month": 8,
        "end_day": 31
    },
    "year_range": {
        "start": 2010,
        "end": 2019
    },
    "station_name": "DECEPTION"
}