{
    "FFMC": 91.23174591064453,
    "ISI": 7.97906494140625,
    "BUI": 82.78514862060547,
    "season": {
        "start_month": 5,
        "start_day": 1,
        "end_month": 8,
        "end_day": 31
    },
    "year_range": {
        "start": 2010,
        "end": 2019
    },
    "station_name": "CAHILTY"
}