{
    "FFMC": 90.20992736816406,
    "ISI": 8.262073516845708,
    "BUI": 44.99129142761232,
    "season": {
        "start_month": 5,
        "start_day": 1,
        "end_month": 8,
        "end_day": 31
    },
    "year_range": {
        "start": 2010,
        "end": 2019
    },
    "station_name": "BIG VALLEY"
}