{
    "FFMC": 92.9665313720703,
    "ISI": 10.654088973999023,
    "BUI": 58.20924949645996,
    "season": {
        "start_month": 5,
        "start_day": 1,
        "end_month": 8,
        "end_day": 31
    },
    "year_range": {
        "start": 2010,
        "end": 2019
    },
    "station_name": "MATHEW"
}