{
    "FFMC": 92.20476684570313,
    "ISI": 9.372319984436036,
    "BUI": 81.23460388183594,
    "season": {
        "start_month": 5,
        "start_day": 1,
        "end_month": 8,
        "end_day": 31
    },
    "year_range": {
        "start": 2010,
        "end": 2019
    },
    "station_name": "PRAIRIE CREEK"
}