{
    "FFMC": 94.27057342529297,
    "ISI": 11.389959812164307,
    "BUI": 88.62286376953125,
    "season": {
        "start_month": 5,
        "start_day": 1,
        "end_month": 8,
        "end_day": 31
    },
    "year_range": {
        "start": 2010,
        "end": 2019
    },
    "station_name": "WELLS GRAY"
}