{
    "FFMC": 92.17964248657226,
    "ISI": 10.584339427948,
    "BUI": 73.29401473999025,
    "season": {
        "start_month": 5,
        "start_day": 1,
        "end_month": 8,
        "end_day": 31
    },
    "year_range": {
        "start": 2010,
        "end": 2019
    },
    "station_name": "BERRY"
}