{
    "FFMC": 90.71463317871094,
    "ISI": 7.9743287563323975,
    "BUI": 44.93354606628418,
    "season": {
        "start_month": 5,
        "start_day": 1,
        "end_month": 8,
        "end_day": 31
    },
    "year_range": {
        "start": 2010,
        "end": 2019
    },
    "station_name": "GOSNEL"
}