{
    "FFMC": 90.71463317871094,
    "ISI": 7.9743287563323975,
    "BUI": 44.93354606628418,
    "season": {
        "start_month": 5,
        "start_day": 1,
        "end_month": 8,
        "end_day": 31
    },
    "years": [
        2010,
        2011,
        2012,
        2013,
        2014,
        2015,
        2016,
        2017,
        2018,
        2019
    ],
    "station_name": "GOSNEL"
}