{
    "FFMC": 94.85142517089844,
    "ISI": 14.6003830909729,
    "BUI": 219.8017593383789,
    "season": {
        "start_month": 5,
        "start_day": 1,
        "end_month": 8,
        "end_day": 31
    },
    "year_range": {
        "start": 2010,
        "end": 2019
    },
    "station_name": "LILLOOET"
}