{
    "FFMC": 93.61358184814452,
    "ISI": 13.390247344970705,
    "BUI": 126.48909759521484,
    "season": {
        "start_month": 5,
        "start_day": 1,
        "end_month": 8,
        "end_day": 31
    },
    "year_range": {
        "start": 2010,
        "end": 2019
    },
    "station_name": "BRENDA MINES"
}