{
    "FFMC": 93.61358184814452,
    "ISI": 13.390247344970705,
    "BUI": 126.48909759521484,
    "season": {
        "start_month": 5,
        "start_day": 1,
        "end_month": 8,
        "end_day": 31
    },
    "years": [
        2010,
        2011,
        2012,
        2013,
        2014,
        2015,
        2016,
        2017,
        2018,
        2019
    ],
    "station_name": "BRENDA MINES"
}