{
    "FFMC": 94.86477661132814,
    "ISI": 12.656498432159422,
    "BUI": 156.53034057617185,
    "season": {
        "start_month": 5,
        "start_day": 1,
        "end_month": 8,
        "end_day": 31
    },
    "year_range": {
        "start": 2010,
        "end": 2019
    },
    "station_name": "TURTLE"
}