{
    "FFMC": 93.10697631835937,
    "ISI": 10.34458999633789,
    "BUI": 117.46877136230468,
    "season": {
        "start_month": 5,
        "start_day": 1,
        "end_month": 8,
        "end_day": 31
    },
    "year_range": {
        "start": 2010,
        "end": 2019
    },
    "station_name": "GLIMPSE"
}