{
    "FFMC": 94.92321090698242,
    "ISI": 17.222421455383298,
    "BUI": 192.521662902832,
    "season": {
        "start_month": 5,
        "start_day": 1,
        "end_month": 8,
        "end_day": 31
    },
    "year_range": {
        "start": 2010,
        "end": 2019
    },
    "station_name": "MERRITT HUB"
}