{
    "FFMC": 94.2370246887207,
    "ISI": 12.22290897369385,
    "BUI": 212.39313659667968,
    "season": {
        "start_month": 5,
        "start_day": 1,
        "end_month": 8,
        "end_day": 31
    },
    "years": [
        2010,
        2011,
        2012,
        2013,
        2014,
        2015,
        2016,
        2017,
        2018,
        2019
    ],
    "station_name": "FINTRY"
}