{
    "FFMC": 94.2370246887207,
    "ISI": 12.22290897369385,
    "BUI": 212.39313659667968,
    "season": {
        "start_month": 5,
        "start_day": 1,
        "end_month": 8,
        "end_day": 31
    },
    "year_range": {
        "start": 2010,
        "end": 2019
    },
    "station_name": "FINTRY"
}