{
    "FFMC": 94.31526184082033,
    "ISI": 15.28686237335205,
    "BUI": 172.52830505371094,
    "season": {
        "start_month": 5,
        "start_day": 1,
        "end_month": 8,
        "end_day": 31
    },
    "year_range": {
        "start": 2010,
        "end": 2019
    },
    "station_name": "ASPEN GROVE"
}