{
    "FFMC": 94.45899810791016,
    "ISI": 12.244595050811768,
    "BUI": 149.50797119140626,
    "season": {
        "start_month": 5,
        "start_day": 1,
        "end_month": 8,
        "end_day": 31
    },
    "year_range": {
        "start": 2010,
        "end": 2019
    },
    "station_name": "SPARKS LAKE"
}