{
    "FFMC": 94.2397964477539,
    "ISI": 14.487239646911622,
    "BUI": 137.1202819824219,
    "season": {
        "start_month": 5,
        "start_day": 1,
        "end_month": 8,
        "end_day": 31
    },
    "year_range": {
        "start": 2010,
        "end": 2019
    },
    "station_name": "LEIGHTON LAKE"
}