{
    "FFMC": 93.47501983642579,
    "ISI": 11.078136825561522,
    "BUI": 162.34793395996093,
    "season": {
        "start_month": 5,
        "start_day": 1,
        "end_month": 8,
        "end_day": 31
    },
    "year_range": {
        "start": 2010,
        "end": 2019
    },
    "station_name": "GWYNETH LAKE"
}