{
    "FFMC": 94.64506225585937,
    "ISI": 12.29761562347412,
    "BUI": 155.0575714111328,
    "season": {
        "start_month": 5,
        "start_day": 1,
        "end_month": 8,
        "end_day": 31
    },
    "year_range": {
        "start": 2010,
        "end": 2019
    },
    "station_name": "NAHATLATCH"
}