{
    "FFMC": 94.95859222412109,
    "ISI": 15.589389991760253,
    "BUI": 157.5261016845703,
    "season": {
        "start_month": 5,
        "start_day": 1,
        "end_month": 8,
        "end_day": 31
    },
    "year_range": {
        "start": 2010,
        "end": 2019
    },
    "station_name": "ALLISON PASS"
}