{
    "FFMC": 94.02491455078125,
    "ISI": 15.571719360351562,
    "BUI": 181.0136825561523,
    "season": {
        "start_month": 5,
        "start_day": 1,
        "end_month": 8,
        "end_day": 31
    },
    "year_range": {
        "start": 2010,
        "end": 2019
    },
    "station_name": "AFTON"
}