{
    "FFMC": 93.20806579589843,
    "ISI": 13.440574645996096,
    "BUI": 121.413818359375,
    "season": {
        "start_month": 5,
        "start_day": 1,
        "end_month": 8,
        "end_day": 31
    },
    "year_range": {
        "start": 2010,
        "end": 2019
    },
    "station_name": "PASKA LAKE"
}