{
    "FFMC": 94.03305282592774,
    "ISI": 11.247836017608643,
    "BUI": 193.7677459716797,
    "season": {
        "start_month": 5,
        "start_day": 1,
        "end_month": 8,
        "end_day": 31
    },
    "year_range": {
        "start": 2010,
        "end": 2019
    },
    "station_name": "PENTICTON RS"
}