{
    "FFMC": 93.97835,
    "ISI": 11.180011,
    "BUI": 198.73809999999997,
    "season": {
        "start_month": 5,
        "start_day": 1,
        "end_month": 9,
        "end_day": 15
    },
    "year_range": {
        "start": "2009",
        "end": "2019"
    }
}