{
    "FFMC": 94.2855453491211,
    "ISI": 14.173633861541756,
    "BUI": 142.34047546386728,
    "season": {
        "start_month": 5,
        "start_day": 1,
        "end_month": 8,
        "end_day": 31
    },
    "years": [
        2010,
        2011,
        2012,
        2013,
        2014,
        2015,
        2016,
        2017,
        2018,
        2019
    ],
    "station_name": "ASHNOLA"
}