{
    "FFMC": 94.2855453491211,
    "ISI": 14.173633861541756,
    "BUI": 142.34047546386728,
    "season": {
        "start_month": 5,
        "start_day": 1,
        "end_month": 8,
        "end_day": 31
    },
    "year_range": {
        "start": 2010,
        "end": 2019
    },
    "station_name": "ASHNOLA"
}