{
    "FFMC": 94.07827400000001,
    "ISI": 13.709858000000008,
    "BUI": 137.72865000000002,
    "season": {
        "start_month": 5,
        "end_month": 9,
        "start_day": 1,
        "end_day": 15
    },
    "year_range": {
        "start": "2009",
        "end": "2019"
    },
    "station_name": "ASHNOLA"
}