{
    "FFMC": 92.49986953735352,
    "ISI": 9.47345790863037,
    "BUI": 95.37573089599611,
    "season": {
        "start_month": 5,
        "start_day": 1,
        "end_month": 8,
        "end_day": 31
    },
    "year_range": {
        "start": 2010,
        "end": 2019
    },
    "station_name": "HOWARD"
}