{
    "FFMC": 93.93839569091797,
    "ISI": 10.610761642456055,
    "BUI": 82.63377227783201,
    "season": {
        "start_month": 5,
        "start_day": 1,
        "end_month": 8,
        "end_day": 31
    },
    "year_range": {
        "start": 2010,
        "end": 2019
    },
    "station_name": "CURWEN CREEK"
}