{
    "FFMC": 92.6587013244629,
    "ISI": 10.164693832397461,
    "BUI": 89.80359420776367,
    "season": {
        "start_month": 5,
        "start_day": 1,
        "end_month": 8,
        "end_day": 31
    },
    "year_range": {
        "start": 2010,
        "end": 2019
    },
    "station_name": "TSAR CREEK"
}