{
    "FFMC": 93.44552001953126,
    "ISI": 11.300867080688478,
    "BUI": 122.20934448242191,
    "season": {
        "start_month": 5,
        "start_day": 1,
        "end_month": 8,
        "end_day": 31
    },
    "year_range": {
        "start": 2010,
        "end": 2019
    },
    "station_name": "MABEL LAKE 2"
}