{
    "FFMC": 93.51769714355468,
    "ISI": 10.341045379638672,
    "BUI": 106.15118865966797,
    "season": {
        "start_month": 5,
        "start_day": 1,
        "end_month": 8,
        "end_day": 31
    },
    "year_range": {
        "start": 2010,
        "end": 2019
    },
    "station_name": "REVELSTOKE"
}