{
    "FFMC": 93.3144546508789,
    "ISI": 11.397997093200685,
    "BUI": 99.70974884033204,
    "season": {
        "start_month": 5,
        "start_day": 1,
        "end_month": 8,
        "end_day": 31
    },
    "year_range": {
        "start": 2010,
        "end": 2019
    },
    "station_name": "WHISKEY"
}