{
    "FFMC": 92.81759948730469,
    "ISI": 9.182328224182129,
    "BUI": 141.79985656738282,
    "season": {
        "start_month": 5,
        "start_day": 1,
        "end_month": 8,
        "end_day": 31
    },
    "year_range": {
        "start": 2010,
        "end": 2019
    },
    "station_name": "BEAVER CREEK"
}