{
    "FFMC": 92.72628326416016,
    "ISI": 9.4942138671875,
    "BUI": 114.9773178100586,
    "season": {
        "start_month": 5,
        "start_day": 1,
        "end_month": 8,
        "end_day": 31
    },
    "year_range": {
        "start": 2010,
        "end": 2019
    },
    "station_name": "SUCCOUR CREEK"
}