{
    "FFMC": 94.48075714111327,
    "ISI": 11.99546718597412,
    "BUI": 116.48179626464844,
    "season": {
        "start_month": 5,
        "start_day": 1,
        "end_month": 8,
        "end_day": 31
    },
    "year_range": {
        "start": 2010,
        "end": 2019
    },
    "station_name": "GOLD HILL"
}