{
    "FFMC": 92.87735519409179,
    "ISI": 9.714111804962156,
    "BUI": 108.83780212402341,
    "season": {
        "start_month": 5,
        "start_day": 1,
        "end_month": 8,
        "end_day": 31
    },
    "year_range": {
        "start": 2010,
        "end": 2019
    },
    "station_name": "FALLS CREEK"
}