{
    "FFMC": 90.96711730957031,
    "ISI": 6.9188780784606925,
    "BUI": 76.7912826538086,
    "season": {
        "start_month": 5,
        "start_day": 1,
        "end_month": 8,
        "end_day": 31
    },
    "year_range": {
        "start": 2010,
        "end": 2019
    },
    "station_name": "ZZ HOWSER"
}