{
    "FFMC": 93.91562194824219,
    "ISI": 11.930567264556885,
    "BUI": 90.59117813110352,
    "season": {
        "start_month": 5,
        "start_day": 1,
        "end_month": 8,
        "end_day": 31
    },
    "year_range": {
        "start": 2010,
        "end": 2019
    },
    "station_name": "DUNCAN"
}