{
    "FFMC": 93.60972900390625,
    "ISI": 12.73835554122925,
    "BUI": 105.19139022827152,
    "season": {
        "start_month": 5,
        "start_day": 1,
        "end_month": 8,
        "end_day": 31
    },
    "year_range": {
        "start": 2010,
        "end": 2019
    },
    "station_name": "TROUT LAKE"
}