{
    "FFMC": 94.48727416992189,
    "ISI": 11.73932628631592,
    "BUI": 109.81599731445316,
    "season": {
        "start_month": 5,
        "start_day": 1,
        "end_month": 8,
        "end_day": 31
    },
    "year_range": {
        "start": 2010,
        "end": 2019
    },
    "station_name": "KETTLE 2"
}