{
    "FFMC": 95.98384704589843,
    "ISI": 15.123873424530027,
    "BUI": 184.76007843017578,
    "season": {
        "start_month": 5,
        "start_day": 1,
        "end_month": 8,
        "end_day": 31
    },
    "year_range": {
        "start": 2010,
        "end": 2019
    },
    "station_name": "BEAVERDELL"
}