{
    "FFMC": 93.92282867431639,
    "ISI": 12.449966049194337,
    "BUI": 134.8703704833985,
    "season": {
        "start_month": 5,
        "start_day": 1,
        "end_month": 8,
        "end_day": 31
    },
    "year_range": {
        "start": 2010,
        "end": 2019
    },
    "station_name": "EIGHT MILE"
}