{
    "FFMC": 95.56715316772461,
    "ISI": 16.88499298095703,
    "BUI": 216.9077407836914,
    "season": {
        "start_month": 5,
        "start_day": 1,
        "end_month": 8,
        "end_day": 31
    },
    "year_range": {
        "start": 2010,
        "end": 2019
    },
    "station_name": "GRAND FORKS"
}