{
    "FFMC": 95.66786956787111,
    "ISI": 17.7407169342041,
    "BUI": 148.91590881347656,
    "season": {
        "start_month": 5,
        "start_day": 1,
        "end_month": 8,
        "end_day": 31
    },
    "year_range": {
        "start": 2010,
        "end": 2019
    },
    "station_name": "NICOLL"
}