{
    "FFMC": 96.34497604370115,
    "ISI": 16.126325225830076,
    "BUI": 231.93739166259763,
    "season": {
        "start_month": 5,
        "start_day": 1,
        "end_month": 8,
        "end_day": 31
    },
    "year_range": {
        "start": 2010,
        "end": 2019
    },
    "station_name": "ROCK CREEK"
}