{
    "FFMC": 96.34497604370115,
    "ISI": 16.126325225830076,
    "BUI": 231.93739166259763,
    "season": {
        "start_month": 5,
        "start_day": 1,
        "end_month": 8,
        "end_day": 31
    },
    "years": [
        2010,
        2011,
        2012,
        2013,
        2014,
        2015,
        2016,
        2017,
        2018,
        2019
    ],
    "station_name": "ROCK CREEK"
}