{
    "FFMC": 92.95146789550782,
    "ISI": 11.84792366027832,
    "BUI": 133.3150177001953,
    "season": {
        "start_month": 5,
        "start_day": 1,
        "end_month": 8,
        "end_day": 31
    },
    "years": [
        2010,
        2011,
        2012,
        2013,
        2014
    ],
    "station_name": "ZZ CRESTON"
}