{
    "FFMC": 94.73074645996094,
    "ISI": 12.610196590423584,
    "BUI": 145.75406188964845,
    "season": {
        "start_month": 5,
        "start_day": 1,
        "end_month": 8,
        "end_day": 31
    },
    "year_range": {
        "start": 2010,
        "end": 2019
    },
    "station_name": "GOATFELL"
}