{
    "FFMC": 95.40296783447266,
    "ISI": 15.653334712982177,
    "BUI": 162.59044494628904,
    "season": {
        "start_month": 5,
        "start_day": 1,
        "end_month": 8,
        "end_day": 31
    },
    "years": [
        2010,
        2011,
        2012,
        2013,
        2014,
        2015,
        2016,
        2017,
        2018,
        2019
    ],
    "station_name": "PENDOREILLE"
}