{
    "FFMC": 95.40296783447266,
    "ISI": 15.653334712982177,
    "BUI": 162.59044494628904,
    "season": {
        "start_month": 5,
        "start_day": 1,
        "end_month": 8,
        "end_day": 31
    },
    "year_range": {
        "start": 2010,
        "end": 2019
    },
    "station_name": "PENDOREILLE"
}