{
    "FFMC": 94.09669494628906,
    "ISI": 12.601200485229496,
    "BUI": 124.80140686035156,
    "season": {
        "start_month": 5,
        "start_day": 1,
        "end_month": 8,
        "end_day": 31
    },
    "year_range": {
        "start": 2010,
        "end": 2019
    },
    "station_name": "SMALLWOOD"
}