{
    "FFMC": 93.43026428222657,
    "ISI": 12.82936325073242,
    "BUI": 119.34971313476565,
    "season": {
        "start_month": 5,
        "start_day": 1,
        "end_month": 8,
        "end_day": 31
    },
    "year_range": {
        "start": 2010,
        "end": 2019
    },
    "station_name": "NANCY GREEN"
}