{
    "FFMC": 94.50178146362305,
    "ISI": 12.641512584686279,
    "BUI": 136.31793670654295,
    "season": {
        "start_month": 5,
        "start_day": 1,
        "end_month": 8,
        "end_day": 31
    },
    "year_range": {
        "start": 2010,
        "end": 2019
    },
    "station_name": "PALLISER"
}