{
    "FFMC": 95.1935432434082,
    "ISI": 16.911265563964843,
    "BUI": 156.29747467041014,
    "season": {
        "start_month": 5,
        "start_day": 1,
        "end_month": 8,
        "end_day": 31
    },
    "year_range": {
        "start": 2010,
        "end": 2019
    },
    "station_name": "ELKO"
}