{
    "FFMC": 94.89366912841797,
    "ISI": 14.747201442718504,
    "BUI": 162.8050521850586,
    "season": {
        "start_month": 5,
        "start_day": 1,
        "end_month": 8,
        "end_day": 31
    },
    "year_range": {
        "start": 2010,
        "end": 2019
    },
    "station_name": "TOBY HUB"
}