{
    "FFMC": 95.08122177124024,
    "ISI": 18.320391082763667,
    "BUI": 167.83795928955078,
    "season": {
        "start_month": 5,
        "start_day": 1,
        "end_month": 8,
        "end_day": 31
    },
    "year_range": {
        "start": 2010,
        "end": 2019
    },
    "station_name": "JOHNSON LAKE"
}