{
    "FFMC": 93.62943572998047,
    "ISI": 11.036161422729492,
    "BUI": 117.19969635009767,
    "season": {
        "start_month": 5,
        "start_day": 1,
        "end_month": 8,
        "end_day": 31
    },
    "year_range": {
        "start": 2010,
        "end": 2019
    },
    "station_name": "DEWAR CREEK"
}