{
    "FFMC": 94.61207504272463,
    "ISI": 14.893707942962646,
    "BUI": 181.2381713867187,
    "season": {
        "start_month": 5,
        "start_day": 1,
        "end_month": 8,
        "end_day": 31
    },
    "year_range": {
        "start": 2010,
        "end": 2019
    },
    "station_name": "CRANBROOK FS"
}