{
    "FFMC": 94.61207504272463,
    "ISI": 14.893707942962646,
    "BUI": 181.2381713867187,
    "season": {
        "start_month": 5,
        "start_day": 1,
        "end_month": 8,
        "end_day": 31
    },
    "years": [
        2010,
        2011,
        2012,
        2013,
        2014,
        2015,
        2016,
        2017,
        2018,
        2019
    ],
    "station_name": "CRANBROOK FS"
}