{
    "FFMC": 92.14467697143553,
    "ISI": 10.025595664978027,
    "BUI": 115.8691177368164,
    "season": {
        "start_month": 5,
        "start_day": 1,
        "end_month": 8,
        "end_day": 31
    },
    "year_range": {
        "start": 2010,
        "end": 2019
    },
    "station_name": "CEDARVALE"
}