{
    "FFMC": 92.14467697143553,
    "ISI": 10.025595664978027,
    "BUI": 115.8691177368164,
    "season": {
        "start_month": 5,
        "start_day": 1,
        "end_month": 8,
        "end_day": 31
    },
    "years": [
        2010,
        2011,
        2012,
        2013,
        2014,
        2015,
        2016,
        2017,
        2018,
        2019
    ],
    "station_name": "CEDARVALE"
}