{
    "FFMC": 91.09788208007814,
    "ISI": 6.813010931015015,
    "BUI": 83.89005279541016,
    "season": {
        "start_month": 5,
        "start_day": 1,
        "end_month": 8,
        "end_day": 31
    },
    "year_range": {
        "start": 2010,
        "end": 2019
    },
    "station_name": "VAN DYKE"
}