{
    "FFMC": 91.95989074707032,
    "ISI": 8.637626266479492,
    "BUI": 86.11832733154297,
    "season": {
        "start_month": 5,
        "start_day": 1,
        "end_month": 8,
        "end_day": 31
    },
    "year_range": {
        "start": 2010,
        "end": 2019
    },
    "station_name": "UPPER KISPIOX"
}