{
    "FFMC": 90.82732543945312,
    "ISI": 6.417496681213379,
    "BUI": 69.85594177246094,
    "season": {
        "start_month": 5,
        "start_day": 1,
        "end_month": 8,
        "end_day": 31
    },
    "year_range": {
        "start": 2010,
        "end": 2019
    },
    "station_name": "BELL-IRVING"
}