{
    "FFMC": 90.42293090820313,
    "ISI": 8.31458044052124,
    "BUI": 79.56267547607422,
    "season": {
        "start_month": 5,
        "start_day": 1,
        "end_month": 8,
        "end_day": 31
    },
    "years": [
        2010,
        2011,
        2012,
        2013,
        2014,
        2015,
        2016,
        2017,
        2018,
        2019
    ],
    "station_name": "CRANBERRY"
}