{
    "FFMC": 92.21414260864258,
    "ISI": 13.08791732788086,
    "BUI": 90.01128387451172,
    "season": {
        "start_month": 5,
        "start_day": 1,
        "end_month": 8,
        "end_day": 31
    },
    "year_range": {
        "start": 2010,
        "end": 2019
    },
    "station_name": "NOEL"
}