{
    "FFMC": 92.42937774658203,
    "ISI": 9.659356117248535,
    "BUI": 67.60441970825195,
    "season": {
        "start_month": 5,
        "start_day": 1,
        "end_month": 8,
        "end_day": 31
    },
    "year_range": {
        "start": 2010,
        "end": 2019
    },
    "station_name": "ELK MOUNTAIN"
}