{
    "FFMC": 92.0239486694336,
    "ISI": 9.62445621490479,
    "BUI": 90.42660064697266,
    "season": {
        "start_month": 5,
        "start_day": 1,
        "end_month": 8,
        "end_day": 31
    },
    "years": [
        2010,
        2011,
        2012,
        2013,
        2014,
        2015,
        2016,
        2017,
        2018,
        2019
    ],
    "station_name": "FIRESIDE"
}