{
    "FFMC": 92.55013809204101,
    "ISI": 8.832292556762704,
    "BUI": 140.32474060058595,
    "season": {
        "start_month": 5,
        "start_day": 1,
        "end_month": 8,
        "end_day": 31
    },
    "year_range": {
        "start": 2010,
        "end": 2019
    },
    "station_name": "KETCHIKA"
}