{
    "FFMC": 91.80909729003906,
    "ISI": 8.271368026733397,
    "BUI": 105.96402740478516,
    "season": {
        "start_month": 5,
        "start_day": 1,
        "end_month": 8,
        "end_day": 31
    },
    "year_range": {
        "start": 2010,
        "end": 2019
    },
    "station_name": "BOYA LAKE"
}