{
    "FFMC": 92.45237426757812,
    "ISI": 10.341060447692874,
    "BUI": 99.92006072998049,
    "season": {
        "start_month": 5,
        "start_day": 1,
        "end_month": 8,
        "end_day": 31
    },
    "year_range": {
        "start": 2010,
        "end": 2019
    },
    "station_name": "WATSON LAKE FS"
}