{
    "FFMC": 89.15907745361328,
    "ISI": 7.507636833190919,
    "BUI": 162.63291625976564,
    "season": {
        "start_month": 5,
        "start_day": 1,
        "end_month": 8,
        "end_day": 31
    },
    "year_range": {
        "start": 2010,
        "end": 2019
    },
    "station_name": "SALTSPRING 2"
}