{
    "FFMC": 89.98815612792968,
    "ISI": 6.525314044952392,
    "BUI": 131.78915710449223,
    "season": {
        "start_month": 5,
        "start_day": 1,
        "end_month": 8,
        "end_day": 31
    },
    "years": [
        2010,
        2011,
        2012,
        2013,
        2014,
        2015,
        2016,
        2017,
        2018,
        2019
    ],
    "station_name": "BOWSER"
}