{
    "FFMC": 89.98815612792968,
    "ISI": 6.525314044952392,
    "BUI": 131.78915710449223,
    "season": {
        "start_month": 5,
        "start_day": 1,
        "end_month": 8,
        "end_day": 31
    },
    "year_range": {
        "start": 2010,
        "end": 2019
    },
    "station_name": "BOWSER"
}