{
    "FFMC": 91.23283081054687,
    "ISI": 8.55779333114624,
    "BUI": 170.46871795654297,
    "season": {
        "start_month": 5,
        "start_day": 1,
        "end_month": 8,
        "end_day": 31
    },
    "year_range": {
        "start": 2010,
        "end": 2019
    },
    "station_name": "CEDAR"
}