{
    "FFMC": 91.23283081054687,
    "ISI": 8.55779333114624,
    "BUI": 170.46871795654297,
    "season": {
        "start_month": 5,
        "start_day": 1,
        "end_month": 8,
        "end_day": 31
    },
    "years": [
        2010,
        2011,
        2012,
        2013,
        2014,
        2015,
        2016,
        2017,
        2018,
        2019
    ],
    "station_name": "CEDAR"
}