{
    "FFMC": 92.85799255371094,
    "ISI": 11.241633892059326,
    "BUI": 89.13277969360352,
    "season": {
        "start_month": 5,
        "start_day": 1,
        "end_month": 8,
        "end_day": 31
    },
    "year_range": {
        "start": 2010,
        "end": 2019
    },
    "station_name": "FORT NELSON FS"
}