{
    "FFMC": 92.49037628173826,
    "ISI": 10.5864013671875,
    "BUI": 113.37568511962891,
    "season": {
        "start_month": 5,
        "start_day": 1,
        "end_month": 8,
        "end_day": 31
    },
    "year_range": {
        "start": 2010,
        "end": 2019
    },
    "station_name": "HOLY CROSS 2"
}