{
    "FFMC": 91.14484634399415,
    "ISI": 8.61724739074707,
    "BUI": 107.9005355834961,
    "season": {
        "start_month": 5,
        "start_day": 1,
        "end_month": 8,
        "end_day": 31
    },
    "year_range": {
        "start": 2010,
        "end": 2019
    },
    "station_name": "HAIG CAMP"
}