{
    "FFMC": 90.54983520507812,
    "ISI": 6.194853115081788,
    "BUI": 103.1023651123047,
    "season": {
        "start_month": 5,
        "start_day": 1,
        "end_month": 8,
        "end_day": 31
    },
    "year_range": {
        "start": 2010,
        "end": 2019
    },
    "station_name": "UBC RESEARCH"
}