{
    "FFMC": 91.27738800048829,
    "ISI": 8.706199836730956,
    "BUI": 115.66645355224608,
    "season": {
        "start_month": 5,
        "start_day": 1,
        "end_month": 8,
        "end_day": 31
    },
    "year_range": {
        "start": 2010,
        "end": 2019
    },
    "station_name": "ZZ CHILLIWACK NURSERY"
}