{
    "FFMC": 93.49272766113282,
    "ISI": 9.671152400970463,
    "BUI": 121.71934738159183,
    "season": {
        "start_month": 5,
        "start_day": 1,
        "end_month": 8,
        "end_day": 31
    },
    "year_range": {
        "start": 2010,
        "end": 2019
    },
    "station_name": "TOBA CAMP"
}