{
    "FFMC": 92.60981750488281,
    "ISI": 13.15124263763428,
    "BUI": 101.95163345336914,
    "season": {
        "start_month": 5,
        "start_day": 1,
        "end_month": 8,
        "end_day": 31
    },
    "year_range": {
        "start": 2010,
        "end": 2019
    },
    "station_name": "ROUND PRAIRIE"
}