{
    "FFMC": 94.24593887329102,
    "ISI": 15.80080099105835,
    "BUI": 115.53732757568359,
    "season": {
        "start_month": 5,
        "start_day": 1,
        "end_month": 8,
        "end_day": 31
    },
    "year_range": {
        "start": 2010,
        "end": 2019
    },
    "station_name": "WHITE RIVER"
}