{
    "FFMC": 94.33173217773438,
    "ISI": 14.477502059936526,
    "BUI": 139.94078979492187,
    "season": {
        "start_month": 5,
        "start_day": 1,
        "end_month": 8,
        "end_day": 31
    },
    "year_range": {
        "start": 2010,
        "end": 2019
    },
    "station_name": "CHERRY LAKE"
}