{
    "FFMC": 93.6142578125,
    "ISI": 11.950601959228516,
    "BUI": 92.42765655517579,
    "season": {
        "start_month": 5,
        "start_day": 1,
        "end_month": 8,
        "end_day": 31
    },
    "year_range": {
        "start": 2010,
        "end": 2019
    },
    "station_name": "CARIBOO CREEK"
}