{
    "FFMC": 94.46381072998047,
    "ISI": 11.513214492797854,
    "BUI": 143.4055725097657,
    "season": {
        "start_month": 5,
        "start_day": 1,
        "end_month": 8,
        "end_day": 31
    },
    "year_range": {
        "start": 2010,
        "end": 2019
    },
    "station_name": "SCAR CREEK"
}