{
    "FFMC": 93.6218879699707,
    "ISI": 15.199584007263185,
    "BUI": 134.12664794921878,
    "season": {
        "start_month": 5,
        "start_day": 1,
        "end_month": 8,
        "end_day": 31
    },
    "year_range": {
        "start": 2010,
        "end": 2019
    },
    "station_name": "CHURN CREEK"
}