{
    "FFMC": 95.0775146484375,
    "ISI": 13.047691822052002,
    "BUI": 189.71871948242188,
    "season": {
        "start_month": 5,
        "start_day": 1,
        "end_month": 8,
        "end_day": 31
    },
    "year_range": {
        "start": 2010,
        "end": 2019
    },
    "station_name": "AUGUST LAKE"
}