{
    "FFMC": 92.47129364013672,
    "ISI": 9.655447006225588,
    "BUI": 137.0645385742188,
    "season": {
        "start_month": 5,
        "start_day": 1,
        "end_month": 8,
        "end_day": 31
    },
    "year_range": {
        "start": 2010,
        "end": 2019
    },
    "station_name": "AKOKLI CREEK"
}