{
    "FFMC": 94.07776641845703,
    "ISI": 14.493333911895752,
    "BUI": 121.42720565795896,
    "season": {
        "start_month": 5,
        "start_day": 1,
        "end_month": 8,
        "end_day": 31
    },
    "year_range": {
        "start": 2010,
        "end": 2019
    },
    "station_name": "BRISCO"
}