{
    "FFMC": 94.06374816894531,
    "ISI": 10.871602058410645,
    "BUI": 100.65383911132812,
    "season": {
        "start_month": 5,
        "start_day": 1,
        "end_month": 8,
        "end_day": 31
    },
    "year_range": {
        "start": 2010,
        "end": 2019
    },
    "station_name": "BLAEBERRY"
}