{
    "FFMC": 94.55170440673828,
    "ISI": 12.883048057556152,
    "BUI": 135.8063201904297,
    "season": {
        "start_month": 5,
        "start_day": 1,
        "end_month": 8,
        "end_day": 31
    },
    "year_range": {
        "start": 2010,
        "end": 2019
    },
    "station_name": "IDABEL LAKE 3"
}