{
    "FFMC": 92.31609191894532,
    "ISI": 9.362272834777832,
    "BUI": 82.27163543701172,
    "season": {
        "start_month": 5,
        "start_day": 1,
        "end_month": 8,
        "end_day": 31
    },
    "year_range": {
        "start": 2010,
        "end": 2019
    },
    "station_name": "SICAMOUS"
}