{
    "FFMC": 95.11137084960937,
    "ISI": 17.347944641113283,
    "BUI": 122.88976440429687,
    "season": {
        "start_month": 5,
        "start_day": 1,
        "end_month": 8,
        "end_day": 31
    },
    "year_range": {
        "start": 2010,
        "end": 2019
    },
    "station_name": "GOATHAVEN"
}