{
    "FFMC": 92.75485229492188,
    "ISI": 11.288517665863036,
    "BUI": 95.08269271850584,
    "season": {
        "start_month": 5,
        "start_day": 1,
        "end_month": 8,
        "end_day": 31
    },
    "year_range": {
        "start": 2010,
        "end": 2019
    },
    "station_name": "CARROTT LAKE"
}