{
    "FFMC": 92.75485229492188,
    "ISI": 11.288517665863036,
    "BUI": 95.08269271850584,
    "season": {
        "start_month": 5,
        "start_day": 1,
        "end_month": 8,
        "end_day": 31
    },
    "years": [
        2010,
        2011,
        2012,
        2013,
        2014,
        2015,
        2016,
        2017,
        2018,
        2019
    ],
    "station_name": "CARROTT LAKE"
}