{
    "FFMC": 90.62613830566407,
    "ISI": 10.711937713623048,
    "BUI": 122.82794952392578,
    "season": {
        "start_month": 5,
        "start_day": 1,
        "end_month": 8,
        "end_day": 31
    },
    "year_range": {
        "start": 2010,
        "end": 2019
    },
    "station_name": "HAGENSBORG 2"
}