{
    "FFMC": 90.62613830566407,
    "ISI": 10.711937713623048,
    "BUI": 122.82794952392578,
    "season": {
        "start_month": 5,
        "start_day": 1,
        "end_month": 8,
        "end_day": 31
    },
    "years": [
        2010,
        2011,
        2012,
        2013,
        2014,
        2015,
        2016,
        2017,
        2018,
        2019
    ],
    "station_name": "HAGENSBORG 2"
}