{
    "FFMC": 93.45782470703125,
    "ISI": 11.472940444946287,
    "BUI": 76.00897216796875,
    "season": {
        "start_month": 5,
        "start_day": 1,
        "end_month": 8,
        "end_day": 31
    },
    "year_range": {
        "start": 2010,
        "end": 2019
    },
    "station_name": "DOWNIE"
}