{
    "FFMC": 92.18857116699219,
    "ISI": 10.139509773254394,
    "BUI": 61.73954162597657,
    "season": {
        "start_month": 5,
        "start_day": 1,
        "end_month": 8,
        "end_day": 31
    },
    "year_range": {
        "start": 2010,
        "end": 2019
    },
    "station_name": "GOLDSTREAM 2"
}