{
    "FFMC": 87.03850402832032,
    "ISI": 4.401887989044189,
    "BUI": 68.28451538085938,
    "season": {
        "start_month": 5,
        "start_day": 1,
        "end_month": 8,
        "end_day": 31
    },
    "years": [
        2010,
        2011,
        2012,
        2013,
        2014,
        2015,
        2016,
        2017,
        2018,
        2019
    ],
    "station_name": "HONNA"
}