{
    "FFMC": 87.03850402832032,
    "ISI": 4.401887989044189,
    "BUI": 68.28451538085938,
    "season": {
        "start_month": 5,
        "start_day": 1,
        "end_month": 8,
        "end_day": 31
    },
    "year_range": {
        "start": 2010,
        "end": 2019
    },
    "station_name": "HONNA"
}