{
    "FFMC": 92.48522186279297,
    "ISI": 8.629069137573241,
    "BUI": 159.41958618164062,
    "season": {
        "start_month": 5,
        "start_day": 1,
        "end_month": 8,
        "end_day": 31
    },
    "year_range": {
        "start": 2010,
        "end": 2019
    },
    "station_name": "MESACHIE 2"
}