{
    "FFMC": 89.22984390258789,
    "ISI": 8.08130512237549,
    "BUI": 84.31919097900393,
    "season": {
        "start_month": 5,
        "start_day": 1,
        "end_month": 8,
        "end_day": 31
    },
    "year_range": {
        "start": 2010,
        "end": 2019
    },
    "station_name": "TS NAKA CREEK"
}