{
    "FFMC": 89.20952682495117,
    "ISI": 6.478703594207764,
    "BUI": 63.10126266479494,
    "season": {
        "start_month": 5,
        "start_day": 1,
        "end_month": 8,
        "end_day": 31
    },
    "year_range": {
        "start": 2010,
        "end": 2019
    },
    "station_name": "TS EFFINGHAM"
}