{
    "FFMC": 90.99471282958984,
    "ISI": 7.0945720195770265,
    "BUI": 90.580916595459,
    "season": {
        "start_month": 5,
        "start_day": 1,
        "end_month": 8,
        "end_day": 31
    },
    "year_range": {
        "start": 2010,
        "end": 2019
    },
    "station_name": "TS ARTLISH"
}