{
    "FFMC": 88.53568954467774,
    "ISI": 5.973965263366702,
    "BUI": 76.5445281982422,
    "season": {
        "start_month": 5,
        "start_day": 1,
        "end_month": 8,
        "end_day": 31
    },
    "years": [
        2010,
        2011,
        2012,
        2013,
        2014,
        2015,
        2016,
        2018,
        2019
    ],
    "station": {
        "code": "1002",
        "name": "TS ELPHINSTONE"
    }
}