{
    "FFMC": 91.77231216430664,
    "ISI": 8.110464286804197,
    "BUI": 91.23553314208985,
    "season": {
        "start_month": 5,
        "start_day": 1,
        "end_month": 8,
        "end_day": 31
    },
    "years": [
        2010,
        2011,
        2012,
        2013,
        2014,
        2015,
        2016,
        2017,
        2018,
        2019
    ],
    "station_name": "MACHMELL"
}