{
    "FFMC": 92.84178924560548,
    "ISI": 11.30656318664551,
    "BUI": 114.09906005859379,
    "season": {
        "start_month": 5,
        "start_day": 1,
        "end_month": 8,
        "end_day": 31
    },
    "years": [
        2010,
        2011,
        2012,
        2013,
        2014,
        2015,
        2016,
        2017,
        2018,
        2019
    ],
    "station_name": "SKOONKA"
}