{
    "FFMC": 93.26963424682617,
    "ISI": 11.027422523498533,
    "BUI": 108.24773559570312,
    "season": {
        "start_month": 5,
        "start_day": 1,
        "end_month": 8,
        "end_day": 31
    },
    "years": [
        2010,
        2011,
        2012,
        2013,
        2014,
        2015,
        2016,
        2017,
        2018,
        2019
    ],
    "station": {
        "code": "1040",
        "name": "BIG SILVER 2"
    }
}