{
    "FFMC": 91.75691528320313,
    "ISI": 7.845634460449219,
    "BUI": 88.99407958984375,
    "season": {
        "start_month": 5,
        "start_day": 1,
        "end_month": 8,
        "end_day": 31
    },
    "years": [
        2010,
        2011,
        2012,
        2013,
        2014,
        2015,
        2016,
        2017,
        2018,
        2019
    ],
    "station": {
        "code": "105",
        "name": "ROSSWOOD"
    }
}