{
    "FFMC": 90.68144226074219,
    "ISI": 7.963165760040283,
    "BUI": 88.25484848022461,
    "season": {
        "start_month": 5,
        "start_day": 1,
        "end_month": 8,
        "end_day": 31
    },
    "years": [
        2010,
        2011,
        2012,
        2013,
        2014,
        2015,
        2016,
        2017,
        2018,
        2019
    ],
    "station": {
        "code": "106",
        "name": "KITPARK"
    }
}