{
    "FFMC": 95.54611206054689,
    "ISI": 15.725667953491213,
    "BUI": 206.4134521484375,
    "season": {
        "start_month": 5,
        "start_day": 1,
        "end_month": 8,
        "end_day": 31
    },
    "years": [
        2010,
        2011,
        2012,
        2013,
        2014,
        2015,
        2016,
        2017,
        2018,
        2019
    ],
    "station": {
        "code": "1075",
        "name": "KOOCANUSA"
    }
}