{
    "ffmc": 93.13205108642578,
    "isi": 12.037969207763673,
    "bui": 100.05891494750979,
    "season": {
        "start_month": 5,
        "start_day": 1,
        "end_month": 8,
        "end_day": 31
    },
    "years": [
        2010,
        2011,
        2012,
        2013,
        2014,
        2015,
        2016,
        2017,
        2018,
        2019
    ],
    "station": {
        "code": "1082",
        "name": "MAYSON"
    }
}