{
    "FFMC": 90.54555816650391,
    "ISI": 9.772828102111816,
    "BUI": 120.85628509521484,
    "season": {
        "start_month": 5,
        "start_day": 1,
        "end_month": 8,
        "end_day": 31
    },
    "years": [
        2010,
        2011,
        2012,
        2013,
        2014,
        2015,
        2016,
        2017,
        2018,
        2019
    ],
    "station": {
        "code": "111",
        "name": "ATLIN"
    }
}