{
    "FFMC": 94.42385711669921,
    "ISI": 23.45858268737793,
    "BUI": 197.88384399414068,
    "season": {
        "start_month": 5,
        "start_day": 1,
        "end_month": 8,
        "end_day": 31
    },
    "years": [
        2012
    ],
    "station_name": "ZZ CORNWALL CREEK TEMP"
}