{
    "FFMC": 90.50870361328126,
    "ISI": 6.643186092376708,
    "BUI": 62.74895477294922,
    "season": {
        "start_month": 5,
        "start_day": 1,
        "end_month": 8,
        "end_day": 31
    },
    "years": [
        2010,
        2011,
        2012,
        2013,
        2014,
        2015,
        2016,
        2017,
        2018,
        2019
    ],
    "station": {
        "code": "113",
        "name": "BOB QUINN LAKE"
    }
}