{
    "FFMC": 93.23205490112306,
    "ISI": 14.702911376953127,
    "BUI": 120.38006210327148,
    "season": {
        "start_month": 5,
        "start_day": 1,
        "end_month": 8,
        "end_day": 31
    },
    "years": [
        2013,
        2014
    ],
    "station_name": "ZZ BULL CREEK TEMP"
}