{
    "FFMC": 93.63392333984375,
    "ISI": 10.420240116119388,
    "BUI": 109.05942001342777,
    "season": {
        "start_month": 5,
        "start_day": 1,
        "end_month": 8,
        "end_day": 31
    },
    "years": [
        2014,
        2015,
        2016,
        2017,
        2018,
        2019
    ],
    "station": {
        "code": "1176",
        "name": "MUDPIT"
    }
}