{
    "ffmc": 92.29737091064452,
    "isi": 13.216984939575196,
    "bui": 86.88302612304689,
    "season": {
        "start_month": 5,
        "start_day": 1,
        "end_month": 8,
        "end_day": 31
    },
    "years": [
        2010,
        2011,
        2012,
        2013,
        2014,
        2015,
        2016,
        2017,
        2018,
        2019
    ],
    "station": {
        "code": "118",
        "name": "HELMUT"
    }
}