{
    "FFMC": 94.76727294921875,
    "ISI": 16.154705047607422,
    "BUI": 85.24143600463867,
    "season": {
        "start_month": 5,
        "start_day": 1,
        "end_month": 8,
        "end_day": 31
    },
    "years": [
        2014
    ],
    "station_name": "ZZ SPRINGER QD"
}