{
    "FFMC": 91.21777191162109,
    "ISI": 18.136204719543457,
    "BUI": 89.75301742553711,
    "season": {
        "start_month": 5,
        "start_day": 1,
        "end_month": 8,
        "end_day": 31
    },
    "years": [
        2014
    ],
    "station_name": "ZZ G60195 QD"
}