{
    "FFMC": 88.6658447265625,
    "ISI": 5.553823947906493,
    "BUI": 69.95500640869139,
    "season": {
        "start_month": 5,
        "start_day": 1,
        "end_month": 8,
        "end_day": 31
    },
    "years": [
        2015,
        2016,
        2017,
        2018,
        2019
    ],
    "station_name": "CLAYTON FALLS"
}