{
    "FFMC": 92.32493133544922,
    "ISI": 11.742934226989746,
    "BUI": 65.01983261108398,
    "season": {
        "start_month": 5,
        "start_day": 1,
        "end_month": 8,
        "end_day": 31
    },
    "years": [
        2010,
        2011,
        2012,
        2013,
        2014,
        2015,
        2016,
        2017,
        2018
    ],
    "station_name": "SILVER"
}