{
    "ffmc": 92.4531639099121,
    "isi": 10.250178146362305,
    "bui": 84.56691360473633,
    "season": {
        "start_month": 5,
        "start_day": 1,
        "end_month": 8,
        "end_day": 31
    },
    "years": [
        2010,
        2011,
        2012,
        2013,
        2014,
        2015,
        2016,
        2017,
        2018,
        2019
    ],
    "station": {
        "code": "121",
        "name": "PADDY"
    }
}