{
    "FFMC": 91.479736328125,
    "ISI": 7.894705963134766,
    "BUI": 142.88240966796874,
    "season": {
        "start_month": 5,
        "start_day": 1,
        "end_month": 8,
        "end_day": 31
    },
    "years": [
        2015,
        2016,
        2017,
        2018,
        2019
    ],
    "station_name": "POWELL RIVER WEST LAKE"
}