{
    "FFMC": 92.78057708740235,
    "ISI": 11.638300609588626,
    "BUI": 59.438042449951176,
    "season": {
        "start_month": 5,
        "start_day": 1,
        "end_month": 8,
        "end_day": 31
    },
    "years": [
        2016
    ],
    "station_name": "ZZ HOPE CREEK QD"
}