{
    "FFMC": 95.09554901123047,
    "ISI": 12.265107345581054,
    "BUI": 134.14254455566405,
    "season": {
        "start_month": 5,
        "start_day": 1,
        "end_month": 8,
        "end_day": 31
    },
    "years": [
        2017,
        2018,
        2019
    ],
    "station_name": "LOWER BEAVER"
}