{
    "ffmc": 94.86972427368164,
    "isi": 14.98070287704468,
    "bui": 180.72859344482424,
    "season": {
        "start_month": 5,
        "start_day": 1,
        "end_month": 8,
        "end_day": 31
    },
    "years": [
        2017,
        2018,
        2019
    ],
    "station": {
        "code": "1283",
        "name": "CHEAKAMUS"
    }
}