{
    "FFMC": 94.30496673583984,
    "ISI": 18.13223648071289,
    "BUI": 225.12557678222655,
    "season": {
        "start_month": 5,
        "start_day": 1,
        "end_month": 8,
        "end_day": 31
    },
    "years": [
        2017
    ],
    "station_name": "ZZ RAVEN LAKE QD"
}