{
    "FFMC": 92.16579055786133,
    "ISI": 10.08771562576294,
    "BUI": 76.57085723876955,
    "season": {
        "start_month": 5,
        "start_day": 1,
        "end_month": 8,
        "end_day": 31
    },
    "years": [
        2010,
        2011,
        2012,
        2013,
        2014,
        2015,
        2016,
        2017,
        2018,
        2019
    ],
    "station": {
        "code": "129",
        "name": "PINK MOUNTAIN"
    }
}