{
    "FFMC": 92.30194244384765,
    "ISI": 12.789223861694339,
    "BUI": 64.70319519042968,
    "season": {
        "start_month": 5,
        "start_day": 1,
        "end_month": 8,
        "end_day": 31
    },
    "years": [
        2010,
        2011,
        2012,
        2013,
        2014,
        2015,
        2016,
        2017,
        2018,
        2019
    ],
    "station": {
        "code": "131",
        "name": "MUSKWA"
    }
}