{
    "FFMC": 92.33187103271484,
    "ISI": 12.256677818298341,
    "BUI": 114.04046173095705,
    "season": {
        "start_month": 5,
        "start_day": 1,
        "end_month": 8,
        "end_day": 31
    },
    "years": [
        2010,
        2011,
        2012,
        2013,
        2014,
        2015,
        2016,
        2017,
        2018,
        2019
    ],
    "station_name": "HUDSON HOPE"
}