{
    "FFMC": 90.91305465698244,
    "ISI": 8.394823265075683,
    "BUI": 44.250293731689446,
    "season": {
        "start_month": 5,
        "start_day": 1,
        "end_month": 8,
        "end_day": 31
    },
    "years": [
        2018
    ],
    "station_name": "KEEN 3 QD"
}