{
    "FFMC": 92.51364440917969,
    "ISI": 8.666396713256837,
    "BUI": 122.55143585205077,
    "season": {
        "start_month": 5,
        "start_day": 1,
        "end_month": 8,
        "end_day": 31
    },
    "years": [
        2018,
        2019
    ],
    "station": {
        "code": "1323",
        "name": "LARCH HILLS WEST"
    }
}