{
    "FFMC": 95.01161041259766,
    "ISI": 11.92044153213501,
    "BUI": 210.8039352416992,
    "season": {
        "start_month": 5,
        "start_day": 1,
        "end_month": 8,
        "end_day": 31
    },
    "years": [
        2018
    ],
    "station_name": "WILLIS EXT"
}