{
    "FFMC": 93.84368591308593,
    "ISI": 10.304906940460205,
    "BUI": 164.80680084228516,
    "season": {
        "start_month": 5,
        "start_day": 1,
        "end_month": 8,
        "end_day": 31
    },
    "years": [
        2018
    ],
    "station_name": "JULLIET 317 QD"
}