{
    "FFMC": 82.85817489624023,
    "ISI": 8.965557098388672,
    "BUI": 103.82711029052734,
    "season": {
        "start_month": 5,
        "start_day": 1,
        "end_month": 8,
        "end_day": 31
    },
    "years": [
        2018
    ],
    "station_name": "ZZ PLACER 690 QD"
}