{
    "ffmc": 91.96862716674805,
    "isi": 12.073416137695313,
    "bui": 86.92806243896484,
    "season": {
        "start_month": 5,
        "start_day": 1,
        "end_month": 8,
        "end_day": 31
    },
    "years": [
        2010,
        2011,
        2012,
        2013,
        2014,
        2015,
        2016,
        2017,
        2018
    ],
    "station": {
        "code": "136",
        "name": "WONOWON"
    }
}