{
    "FFMC": 91.54756164550781,
    "ISI": 10.372609519958496,
    "BUI": 76.15341339111329,
    "season": {
        "start_month": 5,
        "start_day": 1,
        "end_month": 8,
        "end_day": 31
    },
    "years": [
        2010,
        2011,
        2012,
        2013,
        2014,
        2015,
        2016,
        2017,
        2018,
        2019
    ],
    "station": {
        "code": "138",
        "name": "RED DEER"
    }
}