{
    "ffmc": 92.46250915527344,
    "isi": 9.69255256652832,
    "bui": 94.39270782470705,
    "season": {
        "start_month": 5,
        "start_day": 1,
        "end_month": 8,
        "end_day": 31
    },
    "years": [
        2010,
        2011,
        2012,
        2013,
        2014,
        2015,
        2016,
        2017,
        2018,
        2019
    ],
    "station": {
        "code": "140",
        "name": "LEMORAY"
    }
}