{
    "FFMC": 92.0272430419922,
    "ISI": 8.215152740478516,
    "BUI": 71.64798736572266,
    "season": {
        "start_month": 5,
        "start_day": 1,
        "end_month": 8,
        "end_day": 31
    },
    "years": [
        2010,
        2011,
        2012,
        2013,
        2014,
        2015,
        2016,
        2017,
        2018,
        2019
    ],
    "station": {
        "code": "144",
        "name": "TABLE RIVER"
    }
}