{
    "FFMC": 92.0350730895996,
    "ISI": 9.586279487609865,
    "BUI": 86.43829650878907,
    "season": {
        "start_month": 5,
        "start_day": 1,
        "end_month": 8,
        "end_day": 31
    },
    "years": [
        2010,
        2011,
        2012,
        2013,
        2014,
        2015,
        2016,
        2017,
        2018,
        2019
    ],
    "station_name": "BLACKPINE"
}