{
    "ffmc": 92.6165771484375,
    "isi": 10.543050765991213,
    "bui": 99.93021392822266,
    "season": {
        "start_month": 5,
        "start_day": 1,
        "end_month": 8,
        "end_day": 31
    },
    "years": [
        2010,
        2011,
        2012,
        2013,
        2014,
        2015,
        2016,
        2017,
        2018,
        2019
    ],
    "station": {
        "code": "149",
        "name": "BEAR LAKE"
    }
}