{
    "ffmc": 92.00695190429687,
    "isi": 13.680792140960692,
    "bui": 91.94290390014645,
    "season": {
        "start_month": 5,
        "start_day": 1,
        "end_month": 8,
        "end_day": 31
    },
    "years": [
        2010,
        2015,
        2016,
        2017,
        2018,
        2019
    ],
    "station": {
        "code": "151",
        "name": "NABESHE"
    }
}