{
    "ffmc": 91.55602645874023,
    "isi": 9.328161525726319,
    "bui": 72.13996810913086,
    "season": {
        "start_month": 5,
        "start_day": 1,
        "end_month": 8,
        "end_day": 31
    },
    "years": [
        2010,
        2011,
        2012,
        2013,
        2014,
        2015,
        2016,
        2017,
        2018,
        2019
    ],
    "station": {
        "code": "152",
        "name": "SIFTON"
    }
}