{
    "ffmc": 91.95213012695312,
    "isi": 9.3174334526062,
    "bui": 89.26419830322267,
    "season": {
        "start_month": 5,
        "start_day": 1,
        "end_month": 8,
        "end_day": 31
    },
    "years": [
        2010,
        2011,
        2012,
        2013,
        2014,
        2015,
        2016,
        2017,
        2018,
        2019
    ],
    "station": {
        "code": "153",
        "name": "MCLEOD LAKE"
    }
}