{
    "FFMC": 92.09812469482422,
    "ISI": 10.977827453613283,
    "BUI": 89.45475158691409,
    "season": {
        "start_month": 5,
        "start_day": 1,
        "end_month": 8,
        "end_day": 31
    },
    "years": [
        2010,
        2011,
        2012,
        2013,
        2014,
        2015,
        2016,
        2017,
        2018,
        2019
    ],
    "station": {
        "code": "154",
        "name": "WITCH"
    }
}