{
    "FFMC": 91.91959762573242,
    "ISI": 10.282456970214849,
    "BUI": 81.24984054565432,
    "season": {
        "start_month": 5,
        "start_day": 1,
        "end_month": 8,
        "end_day": 31
    },
    "years": [
        2010,
        2011,
        2012,
        2013,
        2014,
        2015,
        2016,
        2017,
        2018,
        2019
    ],
    "station_name": "SUSTUT"
}