{
    "FFMC": 91.90765380859375,
    "ISI": 12.56254243850708,
    "BUI": 122.62725448608398,
    "season": {
        "start_month": 5,
        "start_day": 1,
        "end_month": 8,
        "end_day": 31
    },
    "years": [
        2010,
        2011,
        2012,
        2013,
        2014,
        2015,
        2016,
        2017,
        2018,
        2019
    ],
    "station": {
        "code": "158",
        "name": "VANDERHOOF HUB"
    }
}