{
    "FFMC": 92.9955062866211,
    "ISI": 10.451816940307618,
    "BUI": 122.25759735107428,
    "season": {
        "start_month": 5,
        "start_day": 1,
        "end_month": 8,
        "end_day": 31
    },
    "years": [
        2010,
        2011,
        2012,
        2013,
        2014,
        2015,
        2016,
        2017,
        2018,
        2019
    ],
    "station": {
        "code": "165",
        "name": "MOOSE LAKE"
    }
}