{
    "FFMC": 92.36929779052736,
    "ISI": 9.730294990539551,
    "BUI": 101.07913665771484,
    "season": {
        "start_month": 5,
        "start_day": 1,
        "end_month": 8,
        "end_day": 31
    },
    "years": [
        2010,
        2011,
        2012,
        2013,
        2014,
        2015,
        2016,
        2017,
        2018
    ],
    "station": {
        "code": "167",
        "name": "AUGIER LAKE"
    }
}