{
    "ffmc": 92.77927017211914,
    "isi": 10.173979949951173,
    "bui": 124.94189453125,
    "season": {
        "start_month": 5,
        "start_day": 1,
        "end_month": 8,
        "end_day": 31
    },
    "years": [
        2010,
        2011,
        2012,
        2013,
        2014,
        2015,
        2016,
        2017,
        2018,
        2019
    ],
    "station": {
        "code": "170",
        "name": "EAST OOTSA"
    }
}