{
    "FFMC": 91.90694808959961,
    "ISI": 8.98386859893799,
    "BUI": 71.378173828125,
    "season": {
        "start_month": 5,
        "start_day": 1,
        "end_month": 8,
        "end_day": 31
    },
    "years": [
        2010,
        2011,
        2012,
        2013,
        2014,
        2015,
        2016,
        2017,
        2018,
        2019
    ],
    "station_name": "NILKITKWA"
}