{
    "FFMC": 91.64964370727539,
    "ISI": 8.500147819519043,
    "BUI": 76.1172103881836,
    "season": {
        "start_month": 5,
        "start_day": 1,
        "end_month": 8,
        "end_day": 31
    },
    "years": [
        2010,
        2011,
        2012,
        2013,
        2014,
        2015,
        2016,
        2017,
        2018,
        2019
    ],
    "station_name": "NORTH BABINE"
}