{
    "FFMC": 92.38748550415039,
    "ISI": 9.635744285583497,
    "BUI": 106.52930450439453,
    "season": {
        "start_month": 5,
        "start_day": 1,
        "end_month": 8,
        "end_day": 31
    },
    "years": [
        2010,
        2011,
        2012,
        2013,
        2014,
        2015,
        2016,
        2017,
        2018,
        2019
    ],
    "station": {
        "code": "175",
        "name": "BEDNESTI"
    }
}