{
    "FFMC": 92.31120681762695,
    "ISI": 8.46333637237549,
    "BUI": 90.05872955322266,
    "season": {
        "start_month": 5,
        "start_day": 1,
        "end_month": 8,
        "end_day": 31
    },
    "years": [
        2010,
        2011,
        2012,
        2013,
        2014,
        2015,
        2016,
        2017,
        2018,
        2019
    ],
    "station_name": "HIXON"
}