{
    "FFMC": 91.95215606689453,
    "ISI": 8.180111885070799,
    "BUI": 68.74629211425781,
    "season": {
        "start_month": 5,
        "start_day": 1,
        "end_month": 8,
        "end_day": 31
    },
    "years": [
        2010,
        2011,
        2012,
        2013
    ],
    "station_name": "ZZ MCGREGOR [archived]"
}