{
    "FFMC": 92.09416198730469,
    "ISI": 9.881709575653076,
    "BUI": 81.88383483886719,
    "season": {
        "start_month": 5,
        "start_day": 1,
        "end_month": 8,
        "end_day": 31
    },
    "years": [
        2010,
        2011,
        2012,
        2013,
        2014,
        2015,
        2016,
        2017,
        2018,
        2019
    ],
    "station": {
        "code": "195",
        "name": "MCBRIDE"
    }
}