{
    "ffmc": 92.99161911010742,
    "isi": 9.35179405212402,
    "bui": 70.48932037353515,
    "season": {
        "start_month": 5,
        "start_day": 1,
        "end_month": 8,
        "end_day": 31
    },
    "years": [
        2010,
        2011,
        2012,
        2013,
        2014,
        2015,
        2016,
        2017,
        2018,
        2019
    ],
    "station": {
        "code": "200",
        "name": "VALEMOUNT 2"
    }
}