{
    "ffmc": 94.01324081420898,
    "isi": 13.070677757263184,
    "bui": 189.61073303222656,
    "season": {
        "start_month": 5,
        "start_day": 1,
        "end_month": 8,
        "end_day": 31
    },
    "years": [
        2010,
        2011,
        2012,
        2013,
        2014,
        2015,
        2016,
        2017,
        2018,
        2019
    ],
    "station": {
        "code": "208",
        "name": "TATLA LAKE HUB"
    }
}