{
    "FFMC": 94.14168930053712,
    "ISI": 13.55373239517212,
    "BUI": 172.50096893310547,
    "season": {
        "start_month": 5,
        "start_day": 1,
        "end_month": 8,
        "end_day": 31
    },
    "years": [
        2010,
        2011,
        2012,
        2013,
        2014,
        2015,
        2016,
        2017,
        2018,
        2019
    ],
    "station": {
        "code": "209",
        "name": "ALEXIS CREEK"
    }
}