{
    "FFMC": 91.4142822265625,
    "ISI": 8.133113670349122,
    "BUI": 120.00887145996094,
    "season": {
        "start_month": 5,
        "start_day": 1,
        "end_month": 8,
        "end_day": 31
    },
    "years": [
        2010,
        2011,
        2012,
        2013,
        2014,
        2015,
        2016,
        2017,
        2018,
        2019
    ],
    "station_name": "WOSS CAMP"
}