{
    "FFMC": 94.12702178955078,
    "ISI": 14.947553730010988,
    "BUI": 157.15555114746093,
    "season": {
        "start_month": 5,
        "start_day": 1,
        "end_month": 8,
        "end_day": 31
    },
    "years": [
        2010,
        2011,
        2012,
        2013,
        2014,
        2015,
        2016,
        2017,
        2018,
        2019
    ],
    "station_name": "RISKE CREEK"
}