{
    "ffmc": 93.32318878173828,
    "isi": 11.3778790473938,
    "bui": 121.12678222656255,
    "season": {
        "start_month": 5,
        "start_day": 1,
        "end_month": 8,
        "end_day": 31
    },
    "years": [
        2010,
        2011,
        2012,
        2013,
        2014,
        2015,
        2016,
        2017,
        2018,
        2019
    ],
    "station": {
        "code": "211",
        "name": "NAZKO"
    }
}