{
    "FFMC": 93.75714645385742,
    "ISI": 11.58807373046875,
    "BUI": 124.20988464355469,
    "season": {
        "start_month": 5,
        "start_day": 1,
        "end_month": 8,
        "end_day": 31
    },
    "years": [
        2010,
        2011,
        2012,
        2013,
        2014,
        2015,
        2016,
        2017,
        2018,
        2019
    ],
    "station": {
        "code": "212",
        "name": "PLACE LAKE"
    }
}