{
    "FFMC": 93.03634185791014,
    "ISI": 12.785578536987305,
    "BUI": 142.12117614746094,
    "season": {
        "start_month": 5,
        "start_day": 1,
        "end_month": 8,
        "end_day": 31
    },
    "years": [
        2010,
        2011,
        2012,
        2013,
        2014,
        2015,
        2016,
        2017,
        2018,
        2019
    ],
    "station_name": "NEMIAH"
}