{
    "FFMC": 92.84102249145508,
    "ISI": 11.261999511718749,
    "BUI": 123.21167602539062,
    "season": {
        "start_month": 5,
        "start_day": 1,
        "end_month": 8,
        "end_day": 31
    },
    "years": [
        2010,
        2011,
        2012,
        2013,
        2014,
        2015,
        2016,
        2017,
        2018,
        2019
    ],
    "station": {
        "code": "218",
        "name": "LONE BUTTE"
    }
}