{
    "FFMC": 92.72798919677734,
    "ISI": 12.12201900482178,
    "BUI": 125.43716125488282,
    "season": {
        "start_month": 5,
        "start_day": 1,
        "end_month": 8,
        "end_day": 31
    },
    "years": [
        2010,
        2011,
        2012,
        2013,
        2014,
        2015,
        2016,
        2017,
        2018,
        2019
    ],
    "station_name": "BALDFACE"
}