{
    "FFMC": 94.06221389770508,
    "ISI": 11.949206066131596,
    "BUI": 132.9626373291016,
    "season": {
        "start_month": 5,
        "start_day": 1,
        "end_month": 8,
        "end_day": 31
    },
    "years": [
        2010,
        2011,
        2012,
        2013,
        2014,
        2015,
        2016,
        2017,
        2018
    ],
    "station": {
        "code": "225",
        "name": "KNIFE"
    }
}