{
    "FFMC": 94.895011138916,
    "ISI": 16.129862022399905,
    "BUI": 225.4913070678712,
    "season": {
        "start_month": 5,
        "start_day": 1,
        "end_month": 8,
        "end_day": 31
    },
    "years": [
        2010,
        2011,
        2012,
        2013,
        2014,
        2015,
        2016,
        2017,
        2018
    ],
    "station": {
        "code": "226",
        "name": "MIDDLE LAKE"
    }
}