{
    "FFMC": 92.45757064819337,
    "ISI": 9.33346576690674,
    "BUI": 94.05747222900392,
    "season": {
        "start_month": 5,
        "start_day": 1,
        "end_month": 8,
        "end_day": 31
    },
    "years": [
        2010,
        2011,
        2012,
        2013,
        2014,
        2015,
        2016,
        2017,
        2018,
        2019
    ],
    "station": {
        "code": "227",
        "name": "GAVIN"
    }
}