{
    "FFMC": 92.38491668701172,
    "ISI": 10.295816898345945,
    "BUI": 97.1145195007324,
    "season": {
        "start_month": 5,
        "start_day": 1,
        "end_month": 8,
        "end_day": 31
    },
    "years": [
        2010,
        2011,
        2012,
        2013,
        2014,
        2015,
        2016,
        2017,
        2018,
        2019
    ],
    "station_name": "BENSON"
}