{
    "FFMC": 93.54425811767578,
    "ISI": 11.102378082275392,
    "BUI": 112.9467758178711,
    "season": {
        "start_month": 5,
        "start_day": 1,
        "end_month": 8,
        "end_day": 31
    },
    "years": [
        2010,
        2012,
        2013,
        2014,
        2015,
        2016,
        2017,
        2018,
        2019
    ],
    "station": {
        "code": "230",
        "name": "HORSEFLY"
    }
}