{
    "FFMC": 93.85047912597656,
    "ISI": 13.938669204711916,
    "BUI": 133.15689544677736,
    "season": {
        "start_month": 5,
        "start_day": 1,
        "end_month": 8,
        "end_day": 31
    },
    "years": [
        2010,
        2011,
        2012,
        2013,
        2014,
        2015,
        2016,
        2017,
        2018,
        2019
    ],
    "station": {
        "code": "236",
        "name": "MEADOW LAKE"
    }
}