{
    "ffmc": 94.7785530090332,
    "isi": 11.448588562011718,
    "bui": 131.90250701904296,
    "season": {
        "start_month": 5,
        "start_day": 1,
        "end_month": 8,
        "end_day": 31
    },
    "years": [
        2010,
        2011,
        2012,
        2013,
        2014,
        2015,
        2016,
        2017,
        2018,
        2019
    ],
    "station": {
        "code": "239",
        "name": "CLEARWATER HUB"
    }
}