{
    "FFMC": 94.20117950439452,
    "ISI": 11.05074577331543,
    "BUI": 127.37045516967774,
    "season": {
        "start_month": 5,
        "start_day": 1,
        "end_month": 8,
        "end_day": 31
    },
    "years": [
        2010,
        2011,
        2012,
        2013,
        2014,
        2015,
        2016,
        2017,
        2018,
        2019
    ],
    "station": {
        "code": "243",
        "name": "EAST BARRIERE"
    }
}