{
    "FFMC": 92.82430419921874,
    "ISI": 11.70385150909424,
    "BUI": 85.10911712646485,
    "season": {
        "start_month": 5,
        "start_day": 1,
        "end_month": 8,
        "end_day": 31
    },
    "years": [
        2010,
        2011,
        2012,
        2013,
        2014,
        2015,
        2016,
        2017,
        2018,
        2019
    ],
    "station_name": "WINDY MOUNTAIN"
}