{
    "FFMC": 92.37993927001955,
    "ISI": 9.063730239868164,
    "BUI": 87.39112701416016,
    "season": {
        "start_month": 5,
        "start_day": 1,
        "end_month": 8,
        "end_day": 31
    },
    "years": [
        2010,
        2011,
        2012,
        2013,
        2014,
        2015,
        2016,
        2017,
        2018,
        2019
    ],
    "station": {
        "code": "251",
        "name": "DECEPTION"
    }
}