{
    "FFMC": 92.51930389404298,
    "ISI": 9.785612678527832,
    "BUI": 92.28543701171876,
    "season": {
        "start_month": 5,
        "start_day": 1,
        "end_month": 8,
        "end_day": 31
    },
    "years": [
        2011,
        2012,
        2013,
        2014,
        2015,
        2016,
        2017,
        2018,
        2019
    ],
    "station": {
        "code": "255",
        "name": "LIKELY RS"
    }
}