{
    "FFMC": 90.20992736816406,
    "ISI": 8.262073516845708,
    "BUI": 44.99129142761232,
    "season": {
        "start_month": 5,
        "start_day": 1,
        "end_month": 8,
        "end_day": 31
    },
    "years": [
        2010,
        2011,
        2012,
        2013,
        2014,
        2015,
        2016,
        2017,
        2018,
        2019
    ],
    "station": {
        "code": "262",
        "name": "BIG VALLEY"
    }
}