{
    "ffmc": 92.9665313720703,
    "isi": 10.654088973999023,
    "bui": 58.20924949645996,
    "season": {
        "start_month": 5,
        "start_day": 1,
        "end_month": 8,
        "end_day": 31
    },
    "years": [
        2010,
        2011,
        2012,
        2013,
        2014,
        2015,
        2016,
        2017,
        2018
    ],
    "station": {
        "code": "263",
        "name": "MATHEW"
    }
}