{
    "FFMC": 92.20476684570313,
    "ISI": 9.372319984436036,
    "BUI": 81.23460388183594,
    "season": {
        "start_month": 5,
        "start_day": 1,
        "end_month": 8,
        "end_day": 31
    },
    "years": [
        2010,
        2011,
        2012,
        2013,
        2014,
        2015,
        2016,
        2017,
        2018,
        2019
    ],
    "station": {
        "code": "264",
        "name": "PRAIRIE CREEK"
    }
}