{
    "FFMC": 94.27057342529297,
    "ISI": 11.389959812164307,
    "BUI": 88.62286376953125,
    "season": {
        "start_month": 5,
        "start_day": 1,
        "end_month": 8,
        "end_day": 31
    },
    "years": [
        2010,
        2011,
        2012,
        2013,
        2014,
        2015,
        2016,
        2017,
        2018,
        2019
    ],
    "station": {
        "code": "266",
        "name": "WELLS GRAY"
    }
}