{
    "FFMC": 94.85142517089844,
    "ISI": 14.6003830909729,
    "BUI": 219.8017593383789,
    "season": {
        "start_month": 5,
        "start_day": 1,
        "end_month": 8,
        "end_day": 31
    },
    "years": [
        2010,
        2011,
        2012,
        2013,
        2014,
        2015,
        2016,
        2017,
        2018,
        2019
    ],
    "station": {
        "code": "280",
        "name": "LILLOOET"
    }
}