{
    "ffmc": 94.86477661132814,
    "isi": 12.656498432159422,
    "bui": 156.53034057617185,
    "season": {
        "start_month": 5,
        "start_day": 1,
        "end_month": 8,
        "end_day": 31
    },
    "years": [
        2010,
        2011,
        2012,
        2013,
        2014,
        2015,
        2016,
        2017,
        2018,
        2019
    ],
    "station": {
        "code": "286",
        "name": "TURTLE"
    }
}