{
    "FFMC": 95.02022247314453,
    "ISI": 12.998310470581055,
    "BUI": 201.77117309570312,
    "season": {
        "start_month": 5,
        "start_day": 1,
        "end_month": 8,
        "end_day": 31
    },
    "years": [
        2010,
        2011,
        2012,
        2013,
        2014,
        2015,
        2016,
        2017,
        2018,
        2019
    ],
    "station_name": "D'ARCY"
}