{
    "FFMC": 93.48978881835937,
    "ISI": 9.182936763763427,
    "BUI": 164.9443420410156,
    "season": {
        "start_month": 5,
        "start_day": 1,
        "end_month": 8,
        "end_day": 31
    },
    "years": [
        2010,
        2011,
        2012,
        2013,
        2014,
        2015,
        2016,
        2017,
        2018,
        2019
    ],
    "station_name": "PEMBERTON BASE"
}