{
    "FFMC": 94.45899810791016,
    "ISI": 12.244595050811768,
    "BUI": 149.50797119140626,
    "season": {
        "start_month": 5,
        "start_day": 1,
        "end_month": 8,
        "end_day": 31
    },
    "years": [
        2010,
        2011,
        2012,
        2013,
        2014,
        2015,
        2016,
        2017,
        2018,
        2019
    ],
    "station": {
        "code": "305",
        "name": "SPARKS LAKE"
    }
}