{
    "FFMC": 93.74272308349609,
    "ISI": 14.019582748413086,
    "BUI": 124.03836212158205,
    "season": {
        "start_month": 5,
        "start_day": 1,
        "end_month": 8,
        "end_day": 31
    },
    "years": [
        2010,
        2011,
        2012,
        2013,
        2014,
        2015,
        2016,
        2017,
        2018,
        2019
    ],
    "station": {
        "code": "306",
        "name": "FRENCH BAR"
    }
}