{
    "FFMC": 93.47501983642579,
    "ISI": 11.078136825561522,
    "BUI": 162.34793395996093,
    "season": {
        "start_month": 5,
        "start_day": 1,
        "end_month": 8,
        "end_day": 31
    },
    "years": [
        2010,
        2011,
        2012,
        2013,
        2014,
        2015,
        2016,
        2017,
        2018,
        2019
    ],
    "station": {
        "code": "309",
        "name": "GWYNETH LAKE"
    }
}