{
    "FFMC": 93.4816047668457,
    "ISI": 10.587171745300294,
    "BUI": 126.91080780029299,
    "season": {
        "start_month": 5,
        "start_day": 1,
        "end_month": 8,
        "end_day": 31
    },
    "years": [
        2010,
        2011,
        2012,
        2013,
        2014,
        2015,
        2016,
        2017,
        2018,
        2019
    ],
    "station": {
        "code": "311",
        "name": "MCLEAN LAKE"
    }
}