{
    "FFMC": 94.64506225585937,
    "ISI": 12.29761562347412,
    "BUI": 155.0575714111328,
    "season": {
        "start_month": 5,
        "start_day": 1,
        "end_month": 8,
        "end_day": 31
    },
    "years": [
        2010,
        2011,
        2012,
        2013,
        2014,
        2015,
        2016,
        2017,
        2018,
        2019
    ],
    "station": {
        "code": "316",
        "name": "NAHATLATCH"
    }
}