{
    "FFMC": 94.95859222412109,
    "ISI": 15.589389991760253,
    "BUI": 157.5261016845703,
    "season": {
        "start_month": 5,
        "start_day": 1,
        "end_month": 8,
        "end_day": 31
    },
    "years": [
        2010,
        2011,
        2012,
        2013,
        2014,
        2015,
        2016,
        2017,
        2018,
        2019
    ],
    "station": {
        "code": "317",
        "name": "ALLISON PASS"
    }
}