{
    "ffmc": 94.02491455078125,
    "isi": 15.571719360351562,
    "bui": 181.0136825561523,
    "season": {
        "start_month": 5,
        "start_day": 1,
        "end_month": 8,
        "end_day": 31
    },
    "years": [
        2010,
        2011,
        2012,
        2013,
        2014,
        2015,
        2016,
        2017,
        2018,
        2019
    ],
    "station": {
        "code": "322",
        "name": "AFTON"
    }
}