{
    "FFMC": 93.20806579589843,
    "ISI": 13.440574645996096,
    "BUI": 121.413818359375,
    "season": {
        "start_month": 5,
        "start_day": 1,
        "end_month": 8,
        "end_day": 31
    },
    "years": [
        2010,
        2011,
        2012,
        2013,
        2014,
        2015,
        2016,
        2017,
        2018,
        2019
    ],
    "station": {
        "code": "326",
        "name": "PASKA LAKE"
    }
}