{
    "ffmc": 94.03305282592774,
    "isi": 11.247836017608643,
    "bui": 193.7677459716797,
    "season": {
        "start_month": 5,
        "start_day": 1,
        "end_month": 8,
        "end_day": 31
    },
    "years": [
        2010,
        2011,
        2012,
        2013,
        2014,
        2015,
        2016,
        2017,
        2018,
        2019
    ],
    "station": {
        "code": "328",
        "name": "PENTICTON RS"
    }
}