{
    "FFMC": 94.80382843017578,
    "ISI": 14.741975021362304,
    "BUI": 175.0281799316406,
    "season": {
        "start_month": 5,
        "start_day": 1,
        "end_month": 8,
        "end_day": 31
    },
    "years": [
        2010,
        2011,
        2012,
        2013,
        2014,
        2015,
        2016,
        2017,
        2018
    ],
    "station_name": "MCCUDDY"
}