{
    "FFMC": 93.68705978393554,
    "ISI": 11.005441665649414,
    "BUI": 136.7296585083008,
    "season": {
        "start_month": 5,
        "start_day": 1,
        "end_month": 8,
        "end_day": 31
    },
    "years": [
        2010,
        2011,
        2012,
        2013,
        2014,
        2015,
        2016,
        2017,
        2018,
        2019
    ],
    "station": {
        "code": "346",
        "name": "SALMON ARM"
    }
}