{
    "ffmc": 93.93839569091797,
    "isi": 10.610761642456055,
    "bui": 82.63377227783201,
    "season": {
        "start_month": 5,
        "start_day": 1,
        "end_month": 8,
        "end_day": 31
    },
    "years": [
        2010,
        2011,
        2012,
        2013,
        2014,
        2015,
        2016,
        2017,
        2018,
        2019
    ],
    "station": {
        "code": "352",
        "name": "CURWEN CREEK"
    }
}