{
    "ffmc": 93.51769714355468,
    "isi": 10.341045379638672,
    "bui": 106.15118865966797,
    "season": {
        "start_month": 5,
        "start_day": 1,
        "end_month": 8,
        "end_day": 31
    },
    "years": [
        2010,
        2011,
        2012,
        2013,
        2014,
        2015,
        2016,
        2017,
        2018,
        2019
    ],
    "station": {
        "code": "363",
        "name": "REVELSTOKE"
    }
}