{
    "FFMC": 93.3144546508789,
    "ISI": 11.397997093200685,
    "BUI": 99.70974884033204,
    "season": {
        "start_month": 5,
        "start_day": 1,
        "end_month": 8,
        "end_day": 31
    },
    "years": [
        2010,
        2011,
        2012,
        2013,
        2014,
        2015,
        2016,
        2017,
        2018,
        2019
    ],
    "station": {
        "code": "366",
        "name": "WHISKEY"
    }
}