{
    "ffmc": 93.58449172973633,
    "isi": 11.194984436035156,
    "bui": 94.10315093994141,
    "season": {
        "start_month": 5,
        "start_day": 1,
        "end_month": 8,
        "end_day": 31
    },
    "years": [
        2010,
        2011,
        2012,
        2013,
        2014,
        2015,
        2016,
        2017,
        2018,
        2019
    ],
    "station": {
        "code": "367",
        "name": "MARION"
    }
}