{
    "ffmc": 92.81759948730469,
    "isi": 9.182328224182129,
    "bui": 141.79985656738282,
    "season": {
        "start_month": 5,
        "start_day": 1,
        "end_month": 8,
        "end_day": 31
    },
    "years": [
        2010,
        2011,
        2012,
        2013,
        2014,
        2015,
        2016,
        2017,
        2018,
        2019
    ],
    "station": {
        "code": "37",
        "name": "BEAVER CREEK"
    }
}