{
    "FFMC": 94.48075714111327,
    "ISI": 11.99546718597412,
    "BUI": 116.48179626464844,
    "season": {
        "start_month": 5,
        "start_day": 1,
        "end_month": 8,
        "end_day": 31
    },
    "years": [
        2010,
        2011,
        2012,
        2013,
        2014,
        2015,
        2016,
        2017,
        2018,
        2019
    ],
    "station": {
        "code": "379",
        "name": "GOLD HILL"
    }
}