{
    "ffmc": 94.17064514160157,
    "isi": 13.976032257080078,
    "bui": 117.08344268798828,
    "season": {
        "start_month": 5,
        "start_day": 1,
        "end_month": 8,
        "end_day": 31
    },
    "years": [
        2010,
        2011,
        2012,
        2013,
        2014,
        2015,
        2016,
        2017,
        2018,
        2019
    ],
    "station": {
        "code": "380",
        "name": "POWDER CREEK"
    }
}