{
    "FFMC": 93.92282867431639,
    "ISI": 12.449966049194337,
    "BUI": 134.8703704833985,
    "season": {
        "start_month": 5,
        "start_day": 1,
        "end_month": 8,
        "end_day": 31
    },
    "years": [
        2010,
        2011,
        2012,
        2013,
        2014,
        2015,
        2016,
        2017,
        2018,
        2019
    ],
    "station": {
        "code": "391",
        "name": "EIGHT MILE"
    }
}