{
    "ffmc": 95.66786956787111,
    "isi": 17.7407169342041,
    "bui": 148.91590881347656,
    "season": {
        "start_month": 5,
        "start_day": 1,
        "end_month": 8,
        "end_day": 31
    },
    "years": [
        2010,
        2011,
        2012,
        2013,
        2014,
        2015,
        2016,
        2017,
        2018,
        2019
    ],
    "station": {
        "code": "393",
        "name": "NICOLL"
    }
}