{
    "FFMC": 93.29288024902344,
    "ISI": 11.212794780731201,
    "BUI": 98.35911560058594,
    "season": {
        "start_month": 5,
        "start_day": 1,
        "end_month": 8,
        "end_day": 31
    },
    "years": [
        2010,
        2011,
        2012,
        2013,
        2014,
        2015,
        2016,
        2017,
        2018,
        2019
    ],
    "station": {
        "code": "396",
        "name": "OCTOPUS CREEK"
    }
}