{
    "ffmc": 94.73074645996094,
    "isi": 12.610196590423584,
    "bui": 145.75406188964845,
    "season": {
        "start_month": 5,
        "start_day": 1,
        "end_month": 8,
        "end_day": 31
    },
    "years": [
        2010,
        2011,
        2012,
        2013,
        2014,
        2015,
        2016,
        2017,
        2018,
        2019
    ],
    "station": {
        "code": "401",
        "name": "GOATFELL"
    }
}