{
    "FFMC": 94.50178146362305,
    "ISI": 12.641512584686279,
    "BUI": 136.31793670654295,
    "season": {
        "start_month": 5,
        "start_day": 1,
        "end_month": 8,
        "end_day": 31
    },
    "years": [
        2010,
        2011,
        2012,
        2013,
        2014,
        2015,
        2016,
        2017,
        2018,
        2019
    ],
    "station": {
        "code": "411",
        "name": "PALLISER"
    }
}