{
    "ffmc": 95.1935432434082,
    "isi": 16.911265563964843,
    "bui": 156.29747467041014,
    "season": {
        "start_month": 5,
        "start_day": 1,
        "end_month": 8,
        "end_day": 31
    },
    "years": [
        2010,
        2011,
        2012,
        2013,
        2014,
        2015,
        2016,
        2017,
        2018,
        2019
    ],
    "station": {
        "code": "412",
        "name": "ELKO"
    }
}