{
    "ffmc": 94.04960632324219,
    "isi": 12.842853546142578,
    "bui": 122.90150451660156,
    "season": {
        "start_month": 5,
        "start_day": 1,
        "end_month": 8,
        "end_day": 31
    },
    "years": [
        2010,
        2011,
        2012,
        2013,
        2014,
        2015,
        2016,
        2017,
        2018,
        2019
    ],
    "station": {
        "code": "418",
        "name": "FLATHEAD 2"
    }
}