{
    "FFMC": 95.08122177124024,
    "ISI": 18.320391082763667,
    "BUI": 167.83795928955078,
    "season": {
        "start_month": 5,
        "start_day": 1,
        "end_month": 8,
        "end_day": 31
    },
    "years": [
        2010,
        2011,
        2012,
        2013,
        2014,
        2015,
        2016,
        2017,
        2018,
        2019
    ],
    "station_name": "JOHNSON LAKE"
}