{
    "FFMC": 94.2864891052246,
    "ISI": 15.954052639007571,
    "BUI": 130.2476531982422,
    "season": {
        "start_month": 5,
        "start_day": 1,
        "end_month": 8,
        "end_day": 31
    },
    "years": [
        2010,
        2011,
        2012,
        2013,
        2014,
        2015,
        2016,
        2017,
        2018,
        2019
    ],
    "station_name": "EMILY CREEK"
}