{
    "ffmc": 90.94967346191406,
    "isi": 7.304631042480471,
    "bui": 71.53864898681644,
    "season": {
        "start_month": 5,
        "start_day": 1,
        "end_month": 8,
        "end_day": 31
    },
    "years": [
        2010,
        2011,
        2012,
        2013,
        2014,
        2015,
        2016,
        2017,
        2018,
        2019
    ],
    "station": {
        "code": "428",
        "name": "KISPIOX HUB"
    }
}