{
    "FFMC": 91.95989074707032,
    "ISI": 8.637626266479492,
    "BUI": 86.11832733154297,
    "season": {
        "start_month": 5,
        "start_day": 1,
        "end_month": 8,
        "end_day": 31
    },
    "years": [
        2010,
        2011,
        2012,
        2013,
        2014,
        2015,
        2016,
        2017,
        2018,
        2019
    ],
    "station_name": "UPPER KISPIOX"
}