{
    "ffmc": 92.42937774658203,
    "isi": 9.659356117248535,
    "bui": 67.60441970825195,
    "season": {
        "start_month": 5,
        "start_day": 1,
        "end_month": 8,
        "end_day": 31
    },
    "years": [
        2010,
        2011,
        2012,
        2013,
        2014,
        2015,
        2016,
        2017,
        2018,
        2019
    ],
    "station": {
        "code": "438",
        "name": "ELK MOUNTAIN"
    }
}