{
    "FFMC": 92.55013809204101,
    "ISI": 8.832292556762704,
    "BUI": 140.32474060058595,
    "season": {
        "start_month": 5,
        "start_day": 1,
        "end_month": 8,
        "end_day": 31
    },
    "years": [
        2010,
        2011,
        2012,
        2013,
        2014,
        2015,
        2016,
        2017,
        2018,
        2019
    ],
    "station": {
        "code": "444",
        "name": "KETCHIKA"
    }
}