{
    "FFMC": 89.15907745361328,
    "ISI": 7.507636833190919,
    "BUI": 162.63291625976564,
    "season": {
        "start_month": 5,
        "start_day": 1,
        "end_month": 8,
        "end_day": 31
    },
    "years": [
        2010,
        2011,
        2012,
        2013,
        2014,
        2015,
        2016,
        2017,
        2018,
        2019
    ],
    "station_name": "SALTSPRING 2"
}