{
    "FFMC": 92.85799255371094,
    "ISI": 11.241633892059326,
    "BUI": 89.13277969360352,
    "season": {
        "start_month": 5,
        "start_day": 1,
        "end_month": 8,
        "end_day": 31
    },
    "years": [
        2010,
        2011,
        2012,
        2013,
        2014,
        2015,
        2016,
        2017,
        2018,
        2019
    ],
    "station": {
        "code": "599",
        "name": "FORT NELSON FS"
    }
}