{
    "FFMC": 92.49037628173826,
    "ISI": 10.5864013671875,
    "BUI": 113.37568511962891,
    "season": {
        "start_month": 5,
        "start_day": 1,
        "end_month": 8,
        "end_day": 31
    },
    "years": [
        2010,
        2011,
        2012,
        2013,
        2014,
        2015,
        2016,
        2017,
        2018,
        2019
    ],
    "station_name": "HOLY CROSS 2"
}