{
    "FFMC": 90.54983520507812,
    "ISI": 6.194853115081788,
    "BUI": 103.1023651123047,
    "season": {
        "start_month": 5,
        "start_day": 1,
        "end_month": 8,
        "end_day": 31
    },
    "years": [
        2010,
        2011,
        2012,
        2013,
        2014,
        2015,
        2016,
        2017,
        2018,
        2019
    ],
    "station": {
        "code": "72",
        "name": "UBC RESEARCH"
    }
}