{
    "FFMC": 93.49272766113282,
    "ISI": 9.671152400970463,
    "BUI": 121.71934738159183,
    "season": {
        "start_month": 5,
        "start_day": 1,
        "end_month": 8,
        "end_day": 31
    },
    "years": [
        2010,
        2011,
        2012,
        2013,
        2014,
        2015,
        2016,
        2017,
        2018,
        2019
    ],
    "station": {
        "code": "75",
        "name": "TOBA CAMP"
    }
}