{
    "ffmc": 92.99276733398438,
    "isi": 12.018947029113772,
    "bui": 107.74739227294926,
    "season": {
        "start_month": 5,
        "start_day": 1,
        "end_month": 8,
        "end_day": 31
    },
    "years": [
        2010,
        2011,
        2012,
        2013,
        2014,
        2015,
        2016,
        2017,
        2018,
        2019
    ],
    "station": {
        "code": "789",
        "name": "NEGRO CREEK"
    }
}