{
    "FFMC": 94.33173217773438,
    "ISI": 14.477502059936526,
    "BUI": 139.94078979492187,
    "season": {
        "start_month": 5,
        "start_day": 1,
        "end_month": 8,
        "end_day": 31
    },
    "years": [
        2010,
        2011,
        2012,
        2013,
        2014,
        2015,
        2016,
        2017,
        2018,
        2019
    ],
    "station_name": "CHERRY LAKE"
}