{
    "FFMC": 93.6142578125,
    "ISI": 11.950601959228516,
    "BUI": 92.42765655517579,
    "season": {
        "start_month": 5,
        "start_day": 1,
        "end_month": 8,
        "end_day": 31
    },
    "years": [
        2010,
        2011,
        2013,
        2014,
        2015,
        2016,
        2017,
        2018,
        2019
    ],
    "station": {
        "code": "793",
        "name": "CARIBOO CREEK"
    }
}