{
    "FFMC": 94.46381072998047,
    "ISI": 11.513214492797854,
    "BUI": 143.4055725097657,
    "season": {
        "start_month": 5,
        "start_day": 1,
        "end_month": 8,
        "end_day": 31
    },
    "years": [
        2010,
        2011,
        2012,
        2013,
        2014,
        2015,
        2016,
        2017,
        2018,
        2019
    ],
    "station_name": "SCAR CREEK"
}