{
    "ffmc": 95.0775146484375,
    "isi": 13.047691822052002,
    "bui": 189.71871948242188,
    "season": {
        "start_month": 5,
        "start_day": 1,
        "end_month": 8,
        "end_day": 31
    },
    "years": [
        2010,
        2011,
        2012,
        2013,
        2014,
        2015,
        2016,
        2017,
        2018,
        2019
    ],
    "station": {
        "code": "836",
        "name": "AUGUST LAKE"
    }
}