{
    "FFMC": 94.07776641845703,
    "ISI": 14.493333911895752,
    "BUI": 121.42720565795896,
    "season": {
        "start_month": 5,
        "start_day": 1,
        "end_month": 8,
        "end_day": 31
    },
    "years": [
        2010,
        2011,
        2012,
        2013,
        2014,
        2015,
        2016,
        2017,
        2018,
        2019
    ],
    "station": {
        "code": "865",
        "name": "BRISCO"
    }
}