{
    "ffmc": 92.11455993652343,
    "isi": 10.054479598999025,
    "bui": 90.9908935546875,
    "season": {
        "start_month": 5,
        "start_day": 1,
        "end_month": 8,
        "end_day": 31
    },
    "years": [
        2010,
        2011,
        2012,
        2013,
        2014,
        2015,
        2016,
        2017,
        2018,
        2019
    ],
    "station": {
        "code": "868",
        "name": "BIG MOUTH 2"
    }
}