{
    "FFMC": 93.62176971435545,
    "ISI": 11.552572250366213,
    "BUI": 106.7472686767578,
    "season": {
        "start_month": 5,
        "start_day": 1,
        "end_month": 8,
        "end_day": 31
    },
    "years": [
        2010,
        2011,
        2012,
        2013,
        2014,
        2015,
        2016,
        2017,
        2018,
        2019
    ],
    "station": {
        "code": "873",
        "name": "CRAWFORD"
    }
}