{
    "FFMC": 94.55170440673828,
    "ISI": 12.883048057556152,
    "BUI": 135.8063201904297,
    "season": {
        "start_month": 5,
        "start_day": 1,
        "end_month": 8,
        "end_day": 31
    },
    "years": [
        2010,
        2011,
        2012,
        2013,
        2014,
        2015,
        2016,
        2017,
        2018,
        2019
    ],
    "station": {
        "code": "876",
        "name": "IDABEL LAKE 3"
    }
}