{
    "ffmc": 93.45782470703125,
    "isi": 11.472940444946287,
    "bui": 76.00897216796875,
    "season": {
        "start_month": 5,
        "start_day": 1,
        "end_month": 8,
        "end_day": 31
    },
    "years": [
        2010,
        2011,
        2012,
        2013,
        2014,
        2015,
        2016,
        2017,
        2018,
        2019
    ],
    "station": {
        "code": "905",
        "name": "DOWNIE"
    }
}