{
    "FFMC": 92.18857116699219,
    "ISI": 10.139509773254394,
    "BUI": 61.73954162597657,
    "season": {
        "start_month": 5,
        "start_day": 1,
        "end_month": 8,
        "end_day": 31
    },
    "years": [
        2010,
        2011,
        2012,
        2013,
        2014,
        2015,
        2016,
        2017,
        2018,
        2019
    ],
    "station_name": "GOLDSTREAM 2"
}