{
    "ffmc": 92.48522186279297,
    "isi": 8.629069137573241,
    "bui": 159.41958618164062,
    "season": {
        "start_month": 5,
        "start_day": 1,
        "end_month": 8,
        "end_day": 31
    },
    "years": [
        2010,
        2011,
        2012,
        2013,
        2014,
        2015,
        2016,
        2017,
        2018
    ],
    "station": {
        "code": "934",
        "name": "MESACHIE 2"
    }
}