{
    "ffmc": 89.93682250976562,
    "isi": 8.062157154083252,
    "bui": 80.67532348632812,
    "season": {
        "start_month": 5,
        "start_day": 1,
        "end_month": 8,
        "end_day": 31
    },
    "years": [
        2010,
        2011,
        2012,
        2013,
        2014,
        2015,
        2016,
        2017,
        2018,
        2019
    ],
    "station": {
        "code": "938",
        "name": "PINE CREEK"
    }
}