{
    "FFMC": 89.20952682495117,
    "ISI": 6.478703594207764,
    "BUI": 63.10126266479494,
    "season": {
        "start_month": 5,
        "start_day": 1,
        "end_month": 8,
        "end_day": 31
    },
    "years": [
        2010,
        2011,
        2012,
        2013,
        2014,
        2015,
        2016,
        2017,
        2018,
        2019
    ],
    "station": {
        "code": "956",
        "name": "TS EFFINGHAM"
    }
}