{
    "FFMC": 93.48913192749023,
    "ISI": 10.252062797546387,
    "BUI": 147.40206146240234,
    "season": {
        "start_month": 5,
        "start_day": 1,
        "end_month": 8,
        "end_day": 31
    },
    "years": [
        2010,
        2011,
        2012,
        2013,
        2014,
        2015,
        2016,
        2017,
        2018,
        2019
    ],
    "station": {
        "code": "977",
        "name": "ANDERSON CREEK"
    }
}