{
    "FFMC": 90.99471282958984,
    "ISI": 7.0945720195770265,
    "BUI": 90.580916595459,
    "season": {
        "start_month": 5,
        "start_day": 1,
        "end_month": 8,
        "end_day": 31
    },
    "years": [
        2010,
        2011,
        2012,
        2013,
        2014,
        2015,
        2016,
        2017,
        2018,
        2019
    ],
    "station": {
        "code": "995",
        "name": "TS ARTLISH"
    }
}