{
    "FFMC": 95.65409698486329,
    "ISI": 15.580669975280761,
    "BUI": 424.37355957031247,
    "season": {
        "start_month": 5,
        "start_day": 1,
        "end_month": 8,
        "end_day": 31
    },
    "years": [
        2003
    ],
    "station_name": "ZZ RF SEED TREE"
}