{
    "FFMC": 92.57398452758791,
    "ISI": 16.207577896118167,
    "BUI": 141.79936523437502,
    "season": {
        "start_month": 5,
        "start_day": 1,
        "end_month": 8,
        "end_day": 31
    },
    "years": [
        2008,
        2009
    ],
    "station_name": "ZZ FINDLAY CREEK"
}