{
    "FFMC": 93.01252593994141,
    "ISI": 9.847691917419434,
    "BUI": 87.96054992675784,
    "season": {
        "start_month": 5,
        "start_day": 1,
        "end_month": 8,
        "end_day": 31
    },
    "years": [
        2008,
        2009
    ],
    "station_name": "ZZ MONTROSE INTAKE"
}