{
    "ffmc": 94.59021072387694,
    "isi": 14.76534538269043,
    "bui": 211.92762756347665,
    "season": {
        "start_month": 5,
        "start_day": 1,
        "end_month": 8,
        "end_day": 31
    },
    "years": [
        2008,
        2009,
        2010,
        2011,
        2012,
        2013,
        2014,
        2015,
        2016,
        2017,
        2018,
        2019
    ],
    "station": {
        "code": "1029",
        "name": "FIVE MILE"
    }
}