{
    "FFMC": 93.75259628295898,
    "ISI": 9.397665023803711,
    "BUI": 139.77181243896484,
    "season": {
        "start_month": 5,
        "start_day": 1,
        "end_month": 8,
        "end_day": 31
    },
    "years": [
        2008,
        2009
    ],
    "station_name": "ZZ EAST TOBA"
}