{
    "FFMC": 93.54101104736328,
    "ISI": 14.56052675247193,
    "BUI": 71.94986267089844,
    "season": {
        "start_month": 5,
        "start_day": 1,
        "end_month": 8,
        "end_day": 31
    },
    "years": [
        2009
    ],
    "station_name": "ZZ IRONWOOD SPRINGS"
}