{
    "FFMC": 93.3656120300293,
    "ISI": 11.234880447387695,
    "BUI": 105.98548736572268,
    "season": {
        "start_month": 5,
        "start_day": 1,
        "end_month": 8,
        "end_day": 31
    },
    "years": [
        2009,
        2010,
        2011,
        2012,
        2013,
        2014,
        2015,
        2016,
        2017,
        2018,
        2019
    ],
    "station_name": "BIG SILVER 2"
}