{
    "FFMC": 92.12183074951173,
    "ISI": 12.105449581146242,
    "BUI": 97.06989135742188,
    "season": {
        "start_month": 5,
        "start_day": 1,
        "end_month": 8,
        "end_day": 31
    },
    "years": [
        2009
    ],
    "station_name": "ZZ SHORT CREEK"
}