{
    "FFMC": 94.86828002929687,
    "ISI": 18.01574783325195,
    "BUI": 223.69354400634768,
    "season": {
        "start_month": 5,
        "start_day": 1,
        "end_month": 8,
        "end_day": 31
    },
    "years": [
        2009
    ],
    "station_name": "ZZ HELL DOG QD"
}