{
    "FFMC": 93.6255386352539,
    "ISI": 11.611391353607178,
    "BUI": 80.28457183837891,
    "season": {
        "start_month": 5,
        "start_day": 1,
        "end_month": 8,
        "end_day": 31
    },
    "years": [
        2009
    ],
    "station_name": "ZZ MOMICH LAKE"
}