{
    "FFMC": 90.72239303588867,
    "ISI": 7.7302475452423085,
    "BUI": 108.15113220214843,
    "season": {
        "start_month": 5,
        "start_day": 1,
        "end_month": 8,
        "end_day": 31
    },
    "years": [
        2010,
        2011,
        2012,
        2013,
        2014,
        2015,
        2016,
        2017,
        2018,
        2019
    ],
    "station": {
        "code": "1056",
        "name": "TS MAURELLE"
    }
}