{
    "FFMC": 90.11670837402345,
    "ISI": 9.644551944732674,
    "BUI": 21.299072265625004,
    "season": {
        "start_month": 5,
        "start_day": 1,
        "end_month": 8,
        "end_day": 31
    },
    "years": [
        2010,
        2011
    ],
    "station_name": "ZZ SEFCCOMP"
}