{
    "FFMC": 91.36608428955078,
    "ISI": 9.831827163696294,
    "BUI": 69.96495056152348,
    "season": {
        "start_month": 5,
        "start_day": 1,
        "end_month": 8,
        "end_day": 31
    },
    "years": [
        2010,
        2012,
        2013
    ],
    "station_name": "ZZ LATEWHOS TEMP"
}