{
    "FFMC": 93.48004379272462,
    "ISI": 10.327376556396484,
    "BUI": 145.9762725830078,
    "season": {
        "start_month": 5,
        "start_day": 1,
        "end_month": 8,
        "end_day": 31
    },
    "years": [
        2012,
        2013,
        2014
    ],
    "station_name": "ZZ BUG CAMP CREEK"
}