{
    "FFMC": 92.25108795166015,
    "ISI": 12.58272228240967,
    "BUI": 116.23343505859376,
    "season": {
        "start_month": 5,
        "start_day": 1,
        "end_month": 8,
        "end_day": 31
    },
    "years": [
        2012,
        2013,
        2014,
        2015,
        2016,
        2017,
        2018,
        2019
    ],
    "station": {
        "code": "1144",
        "name": "FORD MOUNTAIN"
    }
}