{
    "FFMC": 91.25540618896483,
    "ISI": 17.02338342666626,
    "BUI": 135.12792510986327,
    "season": {
        "start_month": 5,
        "start_day": 1,
        "end_month": 8,
        "end_day": 31
    },
    "years": [
        2013
    ],
    "station_name": "ZZ SPATSUM QD"
}