{
    "FFMC": 92.98946685791016,
    "ISI": 9.473359775543212,
    "BUI": 132.09842376708983,
    "season": {
        "start_month": 5,
        "start_day": 1,
        "end_month": 8,
        "end_day": 31
    },
    "years": [
        2014
    ],
    "station_name": "ZZ SLOCAN N50320 QD"
}