{
    "FFMC": 94.54950714111328,
    "ISI": 13.862933158874512,
    "BUI": 119.32406616210936,
    "season": {
        "start_month": 5,
        "start_day": 1,
        "end_month": 8,
        "end_day": 31
    },
    "years": [
        2015
    ],
    "station_name": "ZZ KEALY CREEK TS"
}