{
    "FFMC": 94.86756439208985,
    "ISI": 10.502161026000978,
    "BUI": 127.95946121215822,
    "season": {
        "start_month": 5,
        "start_day": 1,
        "end_month": 8,
        "end_day": 31
    },
    "years": [
        2016,
        2017,
        2018,
        2019
    ],
    "station_name": "MCLEOD MEADOWS"
}