{
    "FFMC": 94.7548095703125,
    "ISI": 13.109245777130127,
    "BUI": 36.3225154876709,
    "season": {
        "start_month": 5,
        "start_day": 1,
        "end_month": 8,
        "end_day": 31
    },
    "years": [
        2016
    ],
    "station_name": "ZZ CANYON CREEK  QD"
}