{
    "FFMC": 90.8958740234375,
    "ISI": 8.365789222717284,
    "BUI": 58.64375305175781,
    "season": {
        "start_month": 5,
        "start_day": 1,
        "end_month": 8,
        "end_day": 31
    },
    "years": [
        2016
    ],
    "station_name": "ZZ GALTON QD"
}