{
    "FFMC": 91.94326782226564,
    "ISI": 11.480257511138916,
    "BUI": 78.22804641723633,
    "season": {
        "start_month": 5,
        "start_day": 1,
        "end_month": 8,
        "end_day": 31
    },
    "years": [
        2000,
        2001,
        2002,
        2003,
        2004,
        2005,
        2006,
        2007,
        2008,
        2009,
        2010,
        2011,
        2012,
        2013,
        2014,
        2015,
        2016,
        2017,
        2018,
        2019
    ],
    "station": {
        "code": "127",
        "name": "TUMBLER(DENISON) HUB"
    }
}