{
    "ffmc": 92.60483245849609,
    "isi": 10.567092323303225,
    "bui": 99.37513427734378,
    "season": {
        "start_month": 5,
        "start_day": 1,
        "end_month": 8,
        "end_day": 31
    },
    "years": [
        2017,
        2018,
        2019
    ],
    "station": {
        "code": "1270",
        "name": "OLD FADDY"
    }
}