{
    "FFMC": 95.20704193115235,
    "ISI": 21.57474937438965,
    "BUI": 306.12807006835936,
    "season": {
        "start_month": 5,
        "start_day": 1,
        "end_month": 8,
        "end_day": 31
    },
    "years": [
        2017
    ],
    "station_name": "ZZ KATHLEEN LAKE TEMP"
}