{
    "FFMC": 94.8016571044922,
    "ISI": 17.879670715332036,
    "BUI": 198.76004333496095,
    "season": {
        "start_month": 5,
        "start_day": 1,
        "end_month": 8,
        "end_day": 31
    },
    "years": [
        2017
    ],
    "station_name": "ZZ WILLIAMS LAKE QD"
}