{
    "FFMC": 94.81703567504883,
    "ISI": 14.531746292114255,
    "BUI": 173.95655822753906,
    "season": {
        "start_month": 5,
        "start_day": 1,
        "end_month": 8,
        "end_day": 31
    },
    "years": [
        2018,
        2019
    ],
    "station": {
        "code": "1330",
        "name": "LODESTONE EXT"
    }
}