{
    "FFMC": 83.31208953857421,
    "ISI": 2.5609118938446045,
    "BUI": 105.3779067993164,
    "season": {
        "start_month": 5,
        "start_day": 1,
        "end_month": 8,
        "end_day": 31
    },
    "years": [
        2018
    ],
    "station_name": "ZZ OLD TOM CREEK 670 QD"
}