{
    "FFMC": 91.5654037475586,
    "ISI": 12.68100471496582,
    "BUI": 69.17888641357422,
    "season": {
        "start_month": 5,
        "start_day": 1,
        "end_month": 8,
        "end_day": 31
    },
    "years": [
        2000,
        2001,
        2002,
        2003,
        2004,
        2005,
        2007,
        2008,
        2009,
        2010,
        2015,
        2016,
        2017,
        2018,
        2019
    ],
    "station_name": "NABESHE"
}