{
    "FFMC": 90.80558319091797,
    "ISI": 10.329559898376464,
    "BUI": 82.6955955505371,
    "season": {
        "start_month": 5,
        "start_day": 1,
        "end_month": 8,
        "end_day": 31
    },
    "years": [
        2000,
        2001,
        2002,
        2003,
        2004,
        2005,
        2006,
        2007
    ],
    "station_name": "ZZ EUTSUK"
}