{
    "FFMC": 91.78083038330078,
    "ISI": 7.724389934539795,
    "BUI": 62.59176940917969,
    "season": {
        "start_month": 5,
        "start_day": 1,
        "end_month": 8,
        "end_day": 31
    },
    "years": [
        2000,
        2001,
        2002,
        2003,
        2004,
        2005,
        2006,
        2007,
        2008,
        2010,
        2011,
        2012,
        2013
    ],
    "station_name": "ZZ MCGREGOR [archived]"
}