{
    "FFMC": 92.62415771484376,
    "ISI": 9.876919364929199,
    "BUI": 63.483949279785165,
    "season": {
        "start_month": 5,
        "start_day": 1,
        "end_month": 8,
        "end_day": 31
    },
    "years": [
        2000,
        2001,
        2002,
        2003,
        2004,
        2005,
        2006,
        2007,
        2008,
        2009
    ],
    "station_name": "ZZ TONQUIN -PARKS"
}