{
    "ffmc": 93.60661010742187,
    "isi": 11.736310863494875,
    "bui": 91.1646713256836,
    "season": {
        "start_month": 5,
        "start_day": 1,
        "end_month": 8,
        "end_day": 31
    },
    "years": [
        2000,
        2001,
        2002,
        2003,
        2004,
        2005,
        2006,
        2007,
        2008,
        2009,
        2010,
        2011,
        2012,
        2013,
        2014,
        2015,
        2016,
        2017,
        2018,
        2019
    ],
    "station": {
        "code": "232",
        "name": "COLDSCAUR LAKE"
    }
}