{
    "FFMC": 89.03611755371094,
    "ISI": 6.989925384521484,
    "BUI": 52.43778457641602,
    "season": {
        "start_month": 5,
        "start_day": 1,
        "end_month": 8,
        "end_day": 31
    },
    "years": [
        2000,
        2001
    ],
    "station_name": "ZZ LOON LAKE"
}