{
    "FFMC": 91.76319046020507,
    "ISI": 7.989257431030275,
    "BUI": 77.39318313598636,
    "season": {
        "start_month": 5,
        "start_day": 1,
        "end_month": 8,
        "end_day": 31
    },
    "years": [
        2000,
        2001,
        2002,
        2003,
        2004,
        2005
    ],
    "station_name": "ZZ NIAGRA"
}