{
    "FFMC": 90.47575225830077,
    "ISI": 8.102815437316895,
    "BUI": 89.51266937255859,
    "season": {
        "start_month": 5,
        "start_day": 1,
        "end_month": 8,
        "end_day": 31
    },
    "years": [
        2000,
        2001,
        2002,
        2003,
        2004,
        2005,
        2006,
        2007
    ],
    "station_name": "ZZ BOTANIE"
}