{
    "FFMC": 95.0609733581543,
    "ISI": 24.33518447875977,
    "BUI": 228.02834777832035,
    "season": {
        "start_month": 5,
        "start_day": 1,
        "end_month": 8,
        "end_day": 31
    },
    "years": [
        2000,
        2001,
        2002,
        2003,
        2004,
        2005,
        2006,
        2007,
        2008,
        2009
    ],
    "station_name": "ZZ LYTTON FS"
}