{
    "FFMC": 94.04639434814452,
    "ISI": 8.621353340148927,
    "BUI": 207.4888885498047,
    "season": {
        "start_month": 5,
        "start_day": 1,
        "end_month": 8,
        "end_day": 31
    },
    "years": [
        2000,
        2001,
        2002,
        2003,
        2004,
        2005,
        2006,
        2007,
        2008
    ],
    "station_name": "ZZ GOLDBRIDGE"
}