{
    "FFMC": 94.73227996826172,
    "ISI": 12.399450302124025,
    "BUI": 153.5692901611328,
    "season": {
        "start_month": 5,
        "start_day": 1,
        "end_month": 8,
        "end_day": 31
    },
    "years": [
        2000,
        2001,
        2002,
        2003,
        2004,
        2005,
        2006,
        2007,
        2008,
        2009,
        2010,
        2011,
        2012,
        2013,
        2014,
        2015,
        2016,
        2017,
        2018,
        2019
    ],
    "station": {
        "code": "305",
        "name": "SPARKS LAKE"
    }
}