{
    "FFMC": 93.43126525878905,
    "ISI": 11.56840114593506,
    "BUI": 187.6041442871094,
    "season": {
        "start_month": 5,
        "start_day": 1,
        "end_month": 8,
        "end_day": 31
    },
    "years": [
        2000,
        2001,
        2002,
        2003,
        2004
    ],
    "station_name": "ZZ BOSTON BAR"
}