{
    "FFMC": 95.217569732666,
    "ISI": 15.945880508422853,
    "BUI": 188.5175064086914,
    "season": {
        "start_month": 5,
        "start_day": 1,
        "end_month": 8,
        "end_day": 31
    },
    "years": [
        2000,
        2001,
        2002,
        2003,
        2004,
        2005,
        2006,
        2007,
        2008
    ],
    "station_name": "ZZ STEMWINDER"
}