{
    "FFMC": 93.4077751159668,
    "ISI": 9.55216188430786,
    "BUI": 130.53932495117184,
    "season": {
        "start_month": 5,
        "start_day": 1,
        "end_month": 8,
        "end_day": 31
    },
    "years": [
        2000,
        2001,
        2002,
        2003,
        2004
    ],
    "station_name": "ZZ IDA BELL LK II"
}