{
    "FFMC": 92.00357208251954,
    "ISI": 8.314676666259768,
    "BUI": 77.2084541320801,
    "season": {
        "start_month": 5,
        "start_day": 1,
        "end_month": 8,
        "end_day": 31
    },
    "years": [
        2000,
        2001,
        2002,
        2003
    ],
    "station_name": "ZZ BIG MOUTH"
}