{
    "FFMC": 90.81128768920898,
    "ISI": 7.289835548400881,
    "BUI": 64.31322402954108,
    "season": {
        "start_month": 5,
        "start_day": 1,
        "end_month": 8,
        "end_day": 31
    },
    "years": [
        2000,
        2001,
        2002,
        2003,
        2004
    ],
    "station_name": "ZZ TFL 33"
}