{
    "FFMC": 91.16398391723634,
    "ISI": 6.2481465339660645,
    "BUI": 70.23284912109375,
    "season": {
        "start_month": 5,
        "start_day": 1,
        "end_month": 8,
        "end_day": 31
    },
    "years": [
        2000,
        2001,
        2002,
        2003,
        2004,
        2005
    ],
    "station_name": "ZZ GOLDSTREAM"
}