{
    "FFMC": 92.65061187744139,
    "ISI": 7.235931873321532,
    "BUI": 75.19743347167969,
    "season": {
        "start_month": 5,
        "start_day": 1,
        "end_month": 8,
        "end_day": 31
    },
    "years": [
        2000,
        2001,
        2002,
        2003,
        2004,
        2005
    ],
    "station_name": "ZZ SOR-NIE"
}