{
    "FFMC": 91.78402709960938,
    "ISI": 6.171276569366455,
    "BUI": 113.20734634399413,
    "season": {
        "start_month": 5,
        "start_day": 1,
        "end_month": 8,
        "end_day": 31
    },
    "years": [
        2000,
        2001,
        2002,
        2003,
        2004
    ],
    "station_name": "ZZ ORIG CRAWFORD"
}