{
    "FFMC": 92.35118103027342,
    "ISI": 8.206229019165038,
    "BUI": 132.73836975097652,
    "season": {
        "start_month": 5,
        "start_day": 1,
        "end_month": 8,
        "end_day": 31
    },
    "years": [
        2000,
        2001,
        2002,
        2003,
        2004,
        2005,
        2006,
        2007,
        2008,
        2009,
        2010,
        2011,
        2012,
        2013,
        2014,
        2015,
        2016,
        2017,
        2018,
        2019
    ],
    "station": {
        "code": "37",
        "name": "BEAVER CREEK"
    }
}