{
    "FFMC": 93.58760986328124,
    "ISI": 8.333216857910157,
    "BUI": 141.46555786132814,
    "season": {
        "start_month": 5,
        "start_day": 1,
        "end_month": 8,
        "end_day": 31
    },
    "years": [
        2000,
        2001,
        2002,
        2003,
        2004
    ],
    "station_name": "ZZ DRIFTWOOD"
}