{
    "FFMC": 91.51073455810547,
    "ISI": 5.950389003753662,
    "BUI": 86.05103607177735,
    "season": {
        "start_month": 5,
        "start_day": 1,
        "end_month": 8,
        "end_day": 31
    },
    "years": [
        2000,
        2001,
        2002,
        2003
    ],
    "station_name": "ZZ DONALD CREEK"
}