{
    "FFMC": 91.74306335449218,
    "ISI": 5.661252975463867,
    "BUI": 84.36463012695313,
    "season": {
        "start_month": 5,
        "start_day": 1,
        "end_month": 8,
        "end_day": 31
    },
    "years": [
        2000,
        2001,
        2002
    ],
    "station_name": "ZZ NAKUSP RS"
}