{
    "FFMC": 92.10801391601562,
    "ISI": 6.607499694824222,
    "BUI": 125.2382034301758,
    "season": {
        "start_month": 5,
        "start_day": 1,
        "end_month": 8,
        "end_day": 31
    },
    "years": [
        2000,
        2001
    ],
    "station_name": "ZZ RIONDEL"
}