{
    "FFMC": 93.12588806152343,
    "ISI": 10.244938659667971,
    "BUI": 109.21909103393557,
    "season": {
        "start_month": 5,
        "start_day": 1,
        "end_month": 8,
        "end_day": 31
    },
    "years": [
        2003,
        2004,
        2005,
        2006,
        2007,
        2008,
        2009,
        2010,
        2011,
        2012,
        2013,
        2014,
        2015,
        2016,
        2017,
        2018,
        2019
    ],
    "station": {
        "code": "383",
        "name": "FALLS CREEK"
    }
}