{
    "FFMC": 91.9045196533203,
    "ISI": 7.510884571075443,
    "BUI": 79.1001892089844,
    "season": {
        "start_month": 5,
        "start_day": 1,
        "end_month": 8,
        "end_day": 31
    },
    "years": [
        2000,
        2001,
        2002,
        2003,
        2004,
        2005,
        2006,
        2007,
        2008,
        2009,
        2010
    ],
    "station_name": "ZZ HOWSER"
}