{
    "FFMC": 84.78179931640625,
    "ISI": 4.687818098068238,
    "BUI": 32.800811767578125,
    "season": {
        "start_month": 5,
        "start_day": 1,
        "end_month": 8,
        "end_day": 31
    },
    "years": [
        2000,
        2001
    ],
    "station_name": "ZZ CATS EARS"
}