{
    "FFMC": 93.43932952880859,
    "ISI": 11.988833999633782,
    "BUI": 159.186572265625,
    "season": {
        "start_month": 5,
        "start_day": 1,
        "end_month": 8,
        "end_day": 31
    },
    "years": [
        2000,
        2001,
        2002,
        2003,
        2004,
        2005,
        2006,
        2007,
        2008,
        2009,
        2010,
        2011,
        2012,
        2013,
        2014
    ],
    "station_name": "ZZ CRESTON"
}