{
    "FFMC": 95.27357177734375,
    "ISI": 11.190079498291015,
    "BUI": 141.4758758544922,
    "season": {
        "start_month": 5,
        "start_day": 1,
        "end_month": 8,
        "end_day": 31
    },
    "years": [
        2000,
        2001,
        2002
    ],
    "station_name": "ZZ BLUE LAKE (NEC)"
}