{
    "FFMC": 94.32378387451172,
    "ISI": 15.985777664184571,
    "BUI": 128.54456176757816,
    "season": {
        "start_month": 5,
        "start_day": 1,
        "end_month": 8,
        "end_day": 31
    },
    "years": [
        2003,
        2004,
        2005,
        2006,
        2007,
        2008,
        2009,
        2010,
        2011,
        2012,
        2013,
        2014,
        2015,
        2016,
        2017,
        2018,
        2019
    ],
    "station": {
        "code": "425",
        "name": "EMILY CREEK"
    }
}