{
    "FFMC": 86.62019653320313,
    "ISI": 4.3166113853454595,
    "BUI": 77.01580581665043,
    "season": {
        "start_month": 5,
        "start_day": 1,
        "end_month": 8,
        "end_day": 31
    },
    "years": [
        2000,
        2001,
        2002,
        2003,
        2004,
        2005,
        2006,
        2007,
        2008,
        2009
    ],
    "station_name": "ZZ SECHELT ORCHARD"
}