{
    "FFMC": 88.97898635864257,
    "ISI": 8.057866096496582,
    "BUI": 70.21436004638672,
    "season": {
        "start_month": 5,
        "start_day": 1,
        "end_month": 8,
        "end_day": 31
    },
    "years": [
        2001,
        2002,
        2003,
        2004,
        2005
    ],
    "station_name": "ZZ HAGENSBORG"
}