{
    "FFMC": 87.54804077148438,
    "ISI": 3.63665452003479,
    "BUI": 104.0208023071289,
    "season": {
        "start_month": 5,
        "start_day": 1,
        "end_month": 8,
        "end_day": 31
    },
    "years": [
        2000
    ],
    "station_name": "ZZ SALTSPRING"
}