{
    "FFMC": 90.3448715209961,
    "ISI": 7.303360939025882,
    "BUI": 78.05732879638673,
    "season": {
        "start_month": 5,
        "start_day": 1,
        "end_month": 8,
        "end_day": 31
    },
    "years": [
        2001,
        2002,
        2003,
        2004
    ],
    "station_name": "ZZ SMITHERS A/P"
}