{
    "FFMC": 92.36777267456054,
    "ISI": 8.67457389831543,
    "BUI": 111.91753387451172,
    "season": {
        "start_month": 5,
        "start_day": 1,
        "end_month": 8,
        "end_day": 31
    },
    "years": [
        2000,
        2001,
        2002,
        2003,
        2004,
        2005,
        2006,
        2007
    ],
    "station_name": "ZZ BIG SILVER"
}