{
    "FFMC": 86.01651763916016,
    "ISI": 5.196648406982423,
    "BUI": 21.53452301025391,
    "season": {
        "start_month": 5,
        "start_day": 1,
        "end_month": 8,
        "end_day": 31
    },
    "years": [
        2000
    ],
    "station_name": "ZZ PUN (RESEARCH)"
}