{
    "FFMC": 92.92528686523437,
    "ISI": 9.57031593322754,
    "BUI": 110.2678955078125,
    "season": {
        "start_month": 5,
        "start_day": 1,
        "end_month": 8,
        "end_day": 31
    },
    "years": [
        2003,
        2004
    ],
    "station_name": "ZZ MOOSE"
}