{
    "FFMC": 94.88628768920898,
    "ISI": 11.96871738433838,
    "BUI": 256.1426147460938,
    "season": {
        "start_month": 5,
        "start_day": 1,
        "end_month": 8,
        "end_day": 31
    },
    "years": [
        2001
    ],
    "station_name": "ZZ TULAMEEN"
}