{
    "FFMC": 90.69315872192384,
    "ISI": 7.57540078163147,
    "BUI": 85.99715499877931,
    "season": {
        "start_month": 5,
        "start_day": 1,
        "end_month": 8,
        "end_day": 31
    },
    "years": [
        2000,
        2001,
        2002,
        2003,
        2004,
        2005,
        2006,
        2007,
        2008,
        2009,
        2010
    ],
    "station_name": "ZZ CHILLIWACK NURSERY"
}