{
    "FFMC": 93.28329010009766,
    "ISI": 7.424580001831054,
    "BUI": 80.96688079833984,
    "season": {
        "start_month": 5,
        "start_day": 1,
        "end_month": 8,
        "end_day": 31
    },
    "years": [
        2001
    ],
    "station_name": "ZZ LAMBLY 2"
}