{
    "FFMC": 94.9740982055664,
    "ISI": 8.793773174285889,
    "BUI": 124.63412094116211,
    "season": {
        "start_month": 5,
        "start_day": 1,
        "end_month": 8,
        "end_day": 31
    },
    "years": [
        2001
    ],
    "station_name": "ZZ LAMBLY 3"
}