{
    "FFMC": 92.34530487060547,
    "ISI": 9.396233177185065,
    "BUI": 99.77637939453126,
    "season": {
        "start_month": 5,
        "start_day": 1,
        "end_month": 8,
        "end_day": 31
    },
    "years": [
        2000,
        2001,
        2002
    ],
    "station_name": "ZZ LAMBLY[DEMO2000]"
}