{
    "FFMC": 92.19309997558594,
    "ISI": 10.814145278930663,
    "BUI": 135.006999206543,
    "season": {
        "start_month": 5,
        "start_day": 1,
        "end_month": 8,
        "end_day": 31
    },
    "years": [
        2002
    ],
    "station_name": "ZZ SOUTH FORK"
}