{
    "FFMC": 91.06906356811523,
    "ISI": 7.210764408111572,
    "BUI": 67.350341796875,
    "season": {
        "start_month": 5,
        "start_day": 1,
        "end_month": 8,
        "end_day": 31
    },
    "years": [
        2001
    ],
    "station_name": "ZZ NITEMARE CRK."
}