{
    "FFMC": 93.95058975219726,
    "ISI": 9.640766143798828,
    "BUI": 130.78947448730472,
    "season": {
        "start_month": 5,
        "start_day": 1,
        "end_month": 8,
        "end_day": 31
    },
    "years": [
        2001
    ],
    "station_name": "ZZ VERMILLION CROSSING"
}