{
    "FFMC": 92.005126953125,
    "ISI": 8.005006790161133,
    "BUI": 71.65000610351561,
    "season": {
        "start_month": 5,
        "start_day": 1,
        "end_month": 8,
        "end_day": 31
    },
    "years": [
        2001
    ],
    "station_name": "ZZ VOWELL"
}