{
    "FFMC": 93.0554168701172,
    "ISI": 7.045398998260499,
    "BUI": 68.45188903808597,
    "season": {
        "start_month": 5,
        "start_day": 1,
        "end_month": 8,
        "end_day": 31
    },
    "years": [
        2000,
        2001
    ],
    "station_name": "ZZ BLUEWATER 2"
}