{
    "FFMC": 95.53621520996094,
    "ISI": 18.8360652923584,
    "BUI": 198.4290954589844,
    "season": {
        "start_month": 5,
        "start_day": 1,
        "end_month": 8,
        "end_day": 31
    },
    "years": [
        2001
    ],
    "station_name": "ZZ CANAL FLATS"
}