{
    "ffmc": 93.71126098632811,
    "isi": 14.834991550445556,
    "bui": 144.2535919189453,
    "season": {
        "start_month": 5,
        "start_day": 1,
        "end_month": 8,
        "end_day": 31
    },
    "years": [
        2003,
        2004,
        2005,
        2006,
        2007,
        2009,
        2010,
        2011,
        2012,
        2013,
        2014,
        2015,
        2016,
        2017,
        2018,
        2019
    ],
    "station": {
        "code": "832",
        "name": "CHURN CREEK"
    }
}