{
    "FFMC": 89.83710327148438,
    "ISI": 6.703585529327396,
    "BUI": 58.26610832214356,
    "season": {
        "start_month": 5,
        "start_day": 1,
        "end_month": 8,
        "end_day": 31
    },
    "years": [
        2004,
        2005
    ],
    "station_name": "ZZ MUCHALAT LAKE"
}