{
    "FFMC": 93.40226287841797,
    "ISI": 13.13946990966797,
    "BUI": 203.9545700073242,
    "season": {
        "start_month": 5,
        "start_day": 1,
        "end_month": 8,
        "end_day": 31
    },
    "years": [
        2003
    ],
    "station_name": "ZZ MCLURE QD"
}