{
    "FFMC": 96.26188659667969,
    "ISI": 13.146889972686768,
    "BUI": 202.18089599609377,
    "season": {
        "start_month": 5,
        "start_day": 1,
        "end_month": 8,
        "end_day": 31
    },
    "years": [
        2003,
        2005,
        2006
    ],
    "station_name": "ZZ SITKUM CREEK"
}