{
    "FFMC": 92.81999206542969,
    "ISI": 11.719764804840088,
    "BUI": 115.89838867187501,
    "season": {
        "start_month": 5,
        "start_day": 1,
        "end_month": 8,
        "end_day": 31
    },
    "years": [
        2004
    ],
    "station_name": "ZZ DICKEY CREEK"
}