{
    "FFMC": 92.3702392578125,
    "ISI": 13.237425613403321,
    "BUI": 174.93675231933594,
    "season": {
        "start_month": 5,
        "start_day": 1,
        "end_month": 8,
        "end_day": 31
    },
    "years": [
        2004
    ],
    "station_name": "ZZ TURNER LAKE"
}