{
    "FFMC": 94.36214294433594,
    "ISI": 12.670635223388672,
    "BUI": 122.83757781982422,
    "season": {
        "start_month": 5,
        "start_day": 1,
        "end_month": 8,
        "end_day": 31
    },
    "years": [
        2004,
        2005,
        2006,
        2007,
        2008,
        2009,
        2010,
        2011,
        2012,
        2013,
        2014,
        2015,
        2016,
        2017,
        2018,
        2019
    ],
    "station_name": "IDABEL LAKE 3"
}