{
    "FFMC": 86.1374610900879,
    "ISI": 4.011770248413085,
    "BUI": 84.21151428222656,
    "season": {
        "start_month": 5,
        "start_day": 1,
        "end_month": 8,
        "end_day": 31
    },
    "years": [
        2004
    ],
    "station_name": "ZZ CAP"
}