{
    "FFMC": 93.04383087158203,
    "ISI": 10.181698036193847,
    "BUI": 93.65736312866211,
    "season": {
        "start_month": 5,
        "start_day": 1,
        "end_month": 8,
        "end_day": 31
    },
    "years": [
        2005
    ],
    "station_name": "ZZ SASKUM LAKE"
}