{
    "FFMC": 92.4994255065918,
    "ISI": 11.091906547546387,
    "BUI": 86.66259384155273,
    "season": {
        "start_month": 5,
        "start_day": 1,
        "end_month": 8,
        "end_day": 31
    },
    "years": [
        2005,
        2006,
        2007,
        2008,
        2009,
        2010,
        2011,
        2012,
        2013,
        2014,
        2015,
        2016,
        2017,
        2018,
        2019
    ],
    "station_name": "CARROTT LAKE"
}