{
    "FFMC": 90.4020950317383,
    "ISI": 10.506272315979004,
    "BUI": 111.8940544128418,
    "season": {
        "start_month": 5,
        "start_day": 1,
        "end_month": 8,
        "end_day": 31
    },
    "years": [
        2005,
        2006,
        2007,
        2008,
        2009,
        2010,
        2011,
        2012,
        2013,
        2014,
        2015,
        2016,
        2017,
        2018,
        2019
    ],
    "station": {
        "code": "904",
        "name": "HAGENSBORG 2"
    }
}