{
    "FFMC": 91.65126495361328,
    "ISI": 6.050202083587647,
    "BUI": 119.6279281616211,
    "season": {
        "start_month": 5,
        "start_day": 1,
        "end_month": 8,
        "end_day": 31
    },
    "years": [
        2005,
        2006,
        2007
    ],
    "station_name": "zz CARPENTER LAKE TEMP"
}