{
    "FFMC": 92.95331192016602,
    "ISI": 10.279490661621093,
    "BUI": 118.29867248535156,
    "season": {
        "start_month": 5,
        "start_day": 1,
        "end_month": 8,
        "end_day": 31
    },
    "years": [
        2005
    ],
    "station_name": "ZZ ELAHO"
}