{
    "ffmc": 91.90590209960936,
    "isi": 10.30711193084717,
    "bui": 63.9819580078125,
    "season": {
        "start_month": 5,
        "start_day": 1,
        "end_month": 8,
        "end_day": 31
    },
    "years": [
        2006,
        2007,
        2008,
        2009,
        2010,
        2011,
        2012,
        2013,
        2014,
        2015,
        2016,
        2017,
        2018,
        2019
    ],
    "station": {
        "code": "919",
        "name": "GOLDSTREAM 2"
    }
}