{
    "FFMC": 89.7551284790039,
    "ISI": 7.823966789245606,
    "BUI": 72.60083618164062,
    "season": {
        "start_month": 5,
        "start_day": 1,
        "end_month": 8,
        "end_day": 31
    },
    "years": [
        2006,
        2007,
        2008,
        2009,
        2010,
        2011,
        2012,
        2013,
        2014,
        2015,
        2016,
        2017,
        2018,
        2019
    ],
    "station_name": "PINE CREEK"
}