{
    "FFMC": 92.26278991699219,
    "ISI": 9.066756534576417,
    "BUI": 145.44127044677734,
    "season": {
        "start_month": 5,
        "start_day": 1,
        "end_month": 8,
        "end_day": 31
    },
    "years": [
        2006
    ],
    "station_name": "ZZ FALKLAND"
}