{
    "ffmc": 88.97693481445313,
    "isi": 5.758949756622315,
    "bui": 91.49873962402344,
    "season": {
        "start_month": 5,
        "start_day": 1,
        "end_month": 8,
        "end_day": 31
    },
    "years": [
        2006,
        2007,
        2008,
        2009,
        2010,
        2011,
        2012,
        2013,
        2014,
        2015,
        2016,
        2017,
        2018,
        2019
    ],
    "station": {
        "code": "944",
        "name": "TS SAN JUAN"
    }
}