{
    "FFMC": 89.51824188232422,
    "ISI": 7.2902209758758545,
    "BUI": 16.002301692962646,
    "season": {
        "start_month": 5,
        "start_day": 1,
        "end_month": 8,
        "end_day": 31
    },
    "years": [
        2007
    ],
    "station_name": "ZZ KIYU CREEK"
}