{
    "FFMC": 83.95908203125,
    "ISI": 3.167521715164185,
    "BUI": 31.73291778564453,
    "season": {
        "start_month": 5,
        "start_day": 1,
        "end_month": 8,
        "end_day": 31
    },
    "years": [
        2000,
        2001,
        2002,
        2003,
        2004,
        2005
    ],
    "station_name": "ZZ COPPER"
}