{
    "FFMC": 92.43535003662109,
    "ISI": 13.669174003601071,
    "BUI": 69.65629425048827,
    "season": {
        "start_month": 5,
        "start_day": 1,
        "end_month": 8,
        "end_day": 31
    },
    "years": [
        2007
    ],
    "station_name": "ZZ MACHETE"
}