{
    "FFMC": 85.1464599609375,
    "ISI": 3.9167319774627685,
    "BUI": 26.65809555053711,
    "season": {
        "start_month": 5,
        "start_day": 1,
        "end_month": 8,
        "end_day": 31
    },
    "years": [
        2000
    ],
    "station_name": "ZZ KITSAULT"
}