{
    "FFMC": 93.77594451904298,
    "ISI": 15.88830642700195,
    "BUI": 140.69599304199218,
    "season": {
        "start_month": 5,
        "start_day": 1,
        "end_month": 8,
        "end_day": 31
    },
    "years": [
        2007
    ],
    "station_name": "ZZ SPRINGER"
}