{
    "FFMC": 92.11917114257812,
    "ISI": 10.609201812744141,
    "BUI": 96.2223114013672,
    "season": {
        "start_month": 5,
        "start_day": 1,
        "end_month": 8,
        "end_day": 31
    },
    "years": [
        2007,
        2008,
        2009
    ],
    "station_name": "ZZ GALENA BAY"
}